pokedex_number,name_en,name_ko,generation,status,category,is_paldean,is_hisuian,is_galarian,is_alolan,is_mega,is_gigantamax,has_forms,type_number,type_1,type_2,height_m,weight_kg,abilities_number,ability_1,ability_2,ability_hidden,total_points,hp,attack,defense,sp_attack,sp_defense,speed,growth_rate,egg_type_number,egg_type_1,egg_type_2,shape,pokedex_color,image_path
1,bulbasaur,이상해씨,1,일반,씨앗포켓몬,FALSE,FALSE,FALSE,FALSE,FALSE,FALSE,FALSE,2,풀,독,0.7,6.9,2,심록,,엽록소,318,45,49,49,65,65,45,4,2,괴수,식물,사족형,초록,
2,ivysaur,이상해풀,1,일반,씨앗포켓몬,FALSE,FALSE,FALSE,FALSE,FALSE,FALSE,FALSE,2,풀,독,1,13,2,심록,,엽록소,405,60,62,63,80,80,60,4,2,괴수,식물,사족형,초록,
3,venusaur,이상해꽃,1,일반,씨앗포켓몬,FALSE,FALSE,FALSE,FALSE,FALSE,TRUE,FALSE,2,풀,독,2,100,2,심록,,엽록소,525,80,82,83,100,100,80,4,2,괴수,식물,사족형,초록,
3,venusaur-mega,메가이상해꽃,1,일반,씨앗포켓몬,FALSE,FALSE,FALSE,FALSE,TRUE,FALSE,FALSE,2,풀,독,2.4,155.5,1,두꺼운지방,,,625,80,100,123,122,120,80,4,2,괴수,식물,사족형,초록,
4,charmander,파이리,1,일반,도롱뇽포켓몬,FALSE,FALSE,FALSE,FALSE,FALSE,FALSE,FALSE,1,불꽃,,0.6,8.5,2,맹화,,선파워,309,39,52,43,60,50,65,4,2,괴수,드래곤,이족꼬리형,빨강,
5,charmeleon,리자드,1,일반,화염포켓몬,FALSE,FALSE,FALSE,FALSE,FALSE,FALSE,FALSE,1,불꽃,,1.1,19,2,맹화,,선파워,405,58,64,58,80,65,80,4,2,괴수,드래곤,이족꼬리형,빨강,
6,charizard,리자몽,1,일반,화염포켓몬,FALSE,FALSE,FALSE,FALSE,FALSE,TRUE,FALSE,2,불꽃,비행,1.7,90.5,2,맹화,,선파워,534,78,84,78,109,85,100,4,2,괴수,드래곤,이족꼬리형,빨강,
6,charizard-mega-x,메가리자몽X,1,일반,화염포켓몬,FALSE,FALSE,FALSE,FALSE,TRUE,FALSE,FALSE,2,불꽃,드래곤,1.7,110.5,1,단단한발톱,,,634,78,130,111,130,85,100,4,2,괴수,드래곤,이족꼬리형,검정,
6,charizard-mega-y,메가리자몽Y,1,일반,화염포켓몬,FALSE,FALSE,FALSE,FALSE,TRUE,FALSE,FALSE,2,불꽃,비행,1.7,100.5,1,가뭄,,,634,78,104,78,159,115,100,4,2,괴수,드래곤,이족꼬리형,빨강,
7,squirtle,꼬부기,1,일반,꼬마거북포켓몬,FALSE,FALSE,FALSE,FALSE,FALSE,FALSE,FALSE,1,물,,0.5,9,2,급류,,젖은접시,314,44,48,65,50,64,43,4,2,괴수,수중 1,이족꼬리형,파랑,
8,wartortle,어니부기,1,일반,거북포켓몬,FALSE,FALSE,FALSE,FALSE,FALSE,FALSE,FALSE,1,물,,1,22.5,2,급류,,젖은접시,405,59,63,80,65,80,58,4,2,괴수,수중 1,이족꼬리형,파랑,
9,blastoise,거북왕,1,일반,껍질포켓몬,FALSE,FALSE,FALSE,FALSE,FALSE,TRUE,FALSE,1,물,,1.6,85.5,2,급류,,젖은접시,530,79,83,100,85,105,78,4,2,괴수,수중 1,이족꼬리형,파랑,
9,blastoise-mega,메가거북왕,1,일반,껍질포켓몬,FALSE,FALSE,FALSE,FALSE,TRUE,FALSE,FALSE,1,물,,1.6,101.1,1,메가런처,,,630,79,103,120,135,115,78,4,2,괴수,수중 1,이족꼬리형,파랑,
10,caterpie,캐터피,1,일반,애벌레포켓몬,FALSE,FALSE,FALSE,FALSE,FALSE,FALSE,FALSE,1,벌레,,0.3,2.9,2,인분,,도주,195,45,30,35,20,20,45,2,1,벌레,,곤충형,초록,
11,metapod,단데기,1,일반,번데기포켓몬,FALSE,FALSE,FALSE,FALSE,FALSE,FALSE,FALSE,1,벌레,,0.7,9.9,1,탈피,,,205,50,20,55,25,25,30,2,1,벌레,,뱀형,초록,
12,butterfree,버터플,1,일반,나비포켓몬,FALSE,FALSE,FALSE,FALSE,FALSE,TRUE,FALSE,2,벌레,비행,1.1,32,2,복안,,색안경,395,60,45,50,90,80,70,2,1,벌레,,다익형,하양,
13,weedle,뿔충이,1,일반,송충이포켓몬,FALSE,FALSE,FALSE,FALSE,FALSE,FALSE,FALSE,2,벌레,독,0.3,3.2,2,인분,,도주,195,40,35,30,20,20,50,2,1,벌레,,곤충형,갈색,
14,kakuna,딱충이,1,일반,번데기포켓몬,FALSE,FALSE,FALSE,FALSE,FALSE,FALSE,FALSE,2,벌레,독,0.6,10,1,탈피,,,205,45,25,50,25,25,35,2,1,벌레,,뱀형,노랑,
15,beedrill,독침붕,1,일반,독벌포켓몬,FALSE,FALSE,FALSE,FALSE,FALSE,FALSE,FALSE,2,벌레,독,1,29.5,2,벌레의알림,,스나이퍼,395,65,90,40,45,80,75,2,1,벌레,,다익형,노랑,
15,beedrill-mega,메가독침붕,1,일반,독벌포켓몬,FALSE,FALSE,FALSE,FALSE,TRUE,FALSE,FALSE,2,벌레,독,1.4,40.5,1,적응력,,,495,65,150,40,15,80,145,2,1,벌레,,다익형,노랑,
16,pidgey,구구,1,일반,아기새포켓몬,FALSE,FALSE,FALSE,FALSE,FALSE,FALSE,FALSE,2,노말,비행,0.3,1.8,3,날카로운눈,갈지자걸음,부풀린가슴,251,40,45,40,35,35,56,4,1,비행,,단익형,갈색,
17,pidgeotto,피죤,1,일반,새포켓몬,FALSE,FALSE,FALSE,FALSE,FALSE,FALSE,FALSE,2,노말,비행,1.1,30,3,날카로운눈,갈지자걸음,부풀린가슴,349,63,60,55,50,50,71,4,1,비행,,단익형,갈색,
18,pidgeot,피죤투,1,일반,새포켓몬,FALSE,FALSE,FALSE,FALSE,FALSE,FALSE,FALSE,2,노말,비행,1.5,39.5,3,날카로운눈,갈지자걸음,부풀린가슴,479,83,80,75,70,70,101,4,1,비행,,단익형,갈색,
18,pidgeot-mega,메가피죤투,1,일반,새포켓몬,FALSE,FALSE,FALSE,FALSE,TRUE,FALSE,FALSE,2,노말,비행,2.2,50.5,1,노가드,,,579,83,80,80,135,80,121,4,1,비행,,단익형,갈색,
19,rattata,꼬렛,1,일반,쥐포켓몬,FALSE,FALSE,FALSE,FALSE,FALSE,FALSE,FALSE,1,노말,,0.3,3.5,3,도주,근성,의욕,253,30,56,35,25,35,72,2,1,육상,,사족형,보라,
19,rattata-alolan,알로라꼬렛,1,일반,쥐포켓몬,FALSE,FALSE,FALSE,TRUE,FALSE,FALSE,FALSE,2,악,노말,0.3,3.8,3,먹보,의욕,두꺼운지방,253,30,56,35,25,35,72,2,1,육상,,사족형,검정,
20,raticate,레트라,1,일반,쥐포켓몬,FALSE,FALSE,FALSE,FALSE,FALSE,FALSE,FALSE,1,노말,,0.7,18.5,3,도주,근성,의욕,413,55,81,60,50,70,97,2,1,육상,,사족형,갈색,
20,raticate-alolan,알로라레트라,1,일반,쥐포켓몬,FALSE,FALSE,FALSE,TRUE,FALSE,FALSE,FALSE,2,악,노말,0.7,25.5,3,먹보,의욕,두꺼운지방,413,75,71,70,40,80,77,2,1,육상,,사족형,검정,
21,spearow,깨비참,1,일반,아기새포켓몬,FALSE,FALSE,FALSE,FALSE,FALSE,FALSE,FALSE,2,노말,비행,0.3,2,2,날카로운눈,,스나이퍼,262,40,60,30,31,31,70,2,1,비행,,단익형,갈색,
22,fearow,깨비드릴조,1,일반,부리포켓몬,FALSE,FALSE,FALSE,FALSE,FALSE,FALSE,FALSE,2,노말,비행,1.2,38,2,날카로운눈,,스나이퍼,442,65,90,65,61,61,100,2,1,비행,,단익형,갈색,
23,ekans,아보,1,일반,뱀포켓몬,FALSE,FALSE,FALSE,FALSE,FALSE,FALSE,FALSE,1,독,,2,6.9,3,위협,탈피,긴장감,288,35,60,44,40,54,55,2,2,육상,드래곤,뱀형,보라,
24,arbok,아보크,1,일반,코브라포켓몬,FALSE,FALSE,FALSE,FALSE,FALSE,FALSE,FALSE,1,독,,3.5,65,3,위협,탈피,긴장감,448,60,95,69,65,79,80,2,2,육상,드래곤,뱀형,보라,
25,pikachu,피카츄,1,일반,쥐포켓몬,FALSE,FALSE,FALSE,FALSE,FALSE,TRUE,TRUE,1,전기,,0.4,6,2,정전기,,피뢰침,320,35,55,40,50,50,90,2,2,육상,요정,사족형,노랑,
26,raichu,라이츄,1,일반,쥐포켓몬,FALSE,FALSE,FALSE,FALSE,FALSE,FALSE,FALSE,1,전기,,0.8,30,2,정전기,,피뢰침,485,60,90,55,90,80,110,2,2,육상,요정,이족꼬리형,노랑,
26,raichu-alolan,알로라라이츄,1,일반,쥐포켓몬,FALSE,FALSE,FALSE,TRUE,FALSE,FALSE,FALSE,2,전기,에스퍼,0.7,21,1,서핑테일,,,485,60,85,50,95,85,110,2,2,육상,요정,이족꼬리형,갈색,
26,raichu-mega-x,메가라이츄X,1,일반,쥐포켓몬,FALSE,FALSE,FALSE,FALSE,TRUE,FALSE,FALSE,1,전기,,1.2,38,2,정전기,,피뢰침,585,60,135,95,90,95,110,2,2,육상,요정,이족꼬리형,노랑,https://data1.pokemonkorea.co.kr/newdata/pokedex/full/002603.png
26,raichu-mega-y,메가라이츄Y,1,일반,쥐포켓몬,FALSE,FALSE,FALSE,FALSE,TRUE,FALSE,FALSE,1,전기,,1,26,2,정전기,,피뢰침,585,60,100,55,160,80,130,2,2,육상,요정,이족꼬리형,노랑,https://data1.pokemonkorea.co.kr/newdata/pokedex/full/002604.png
27,sandshrew,모래두지,1,일반,쥐포켓몬,FALSE,FALSE,FALSE,FALSE,FALSE,FALSE,FALSE,1,땅,,0.6,12,2,모래숨기,,모래헤치기,300,50,75,85,20,30,40,2,1,육상,,이족꼬리형,노랑,
27,sandshrew-alolan,알로라모래두지,1,일반,쥐포켓몬,FALSE,FALSE,FALSE,TRUE,FALSE,FALSE,FALSE,2,얼음,강철,0.7,40,2,눈숨기,,눈치우기,300,50,75,90,10,35,40,2,1,육상,,이족꼬리형,하양,
28,sandslash,고지,1,일반,쥐포켓몬,FALSE,FALSE,FALSE,FALSE,FALSE,FALSE,FALSE,1,땅,,1,29.5,2,모래숨기,,모래헤치기,450,75,100,110,45,55,65,2,1,육상,,이족꼬리형,노랑,
28,sandslash-alolan,알로라고지,1,일반,쥐포켓몬,FALSE,FALSE,FALSE,TRUE,FALSE,FALSE,FALSE,2,얼음,강철,1.2,55,2,눈숨기,,눈치우기,450,75,100,120,25,65,65,2,1,육상,,이족꼬리형,파랑,
29,nidoran-f,니드런♀,1,일반,독침포켓몬,FALSE,FALSE,FALSE,FALSE,FALSE,FALSE,FALSE,1,독,,0.4,7,3,독가시,투쟁심,의욕,275,55,47,52,40,40,41,4,2,괴수,육상,사족형,파랑,
30,nidorina,니드리나,1,일반,독침포켓몬,FALSE,FALSE,FALSE,FALSE,FALSE,FALSE,FALSE,1,독,,0.8,20,3,독가시,투쟁심,의욕,365,70,62,67,55,55,56,4,1,알미발견,,사족형,파랑,
31,nidoqueen,니드퀸,1,일반,드릴포켓몬,FALSE,FALSE,FALSE,FALSE,FALSE,FALSE,FALSE,2,독,땅,1.3,60,3,독가시,투쟁심,우격다짐,505,90,92,87,75,85,76,4,1,알미발견,,이족꼬리형,파랑,
32,nidoran-m,니드런♂,1,일반,독침포켓몬,FALSE,FALSE,FALSE,FALSE,FALSE,FALSE,FALSE,1,독,,0.5,9,3,독가시,투쟁심,의욕,273,46,57,40,40,40,50,4,2,괴수,육상,사족형,보라,
33,nidorino,니드리노,1,일반,독침포켓몬,FALSE,FALSE,FALSE,FALSE,FALSE,FALSE,FALSE,1,독,,0.9,19.5,3,독가시,투쟁심,의욕,365,61,72,57,55,55,65,4,2,괴수,육상,사족형,보라,
34,nidoking,니드킹,1,일반,드릴포켓몬,FALSE,FALSE,FALSE,FALSE,FALSE,FALSE,FALSE,2,독,땅,1.4,62,3,독가시,투쟁심,우격다짐,505,81,102,77,85,75,85,4,2,괴수,육상,이족꼬리형,보라,
35,clefairy,삐삐,1,일반,요정포켓몬,FALSE,FALSE,FALSE,FALSE,FALSE,FALSE,FALSE,1,페어리,,0.6,7.5,3,헤롱헤롱바디,매직가드,프렌드가드,323,70,45,48,60,65,35,3,1,요정,,이족꼬리형,담홍,
36,clefable,픽시,1,일반,요정포켓몬,FALSE,FALSE,FALSE,FALSE,FALSE,FALSE,FALSE,1,페어리,,1.3,40,3,헤롱헤롱바디,매직가드,천진,483,95,70,73,95,90,60,3,1,요정,,이족꼬리형,담홍,
36,clefable-mega,메가픽시,1,일반,요정포켓몬,FALSE,FALSE,FALSE,FALSE,TRUE,FALSE,FALSE,2,페어리,비행,1.7,42.3,3,헤롱헤롱바디,매직가드,,583,95,80,93,135,110,70,3,1,요정,,이족꼬리형,담홍,https://data1.pokemonkorea.co.kr/newdata/pokedex/full/003602.png
37,vulpix,식스테일,1,일반,여우포켓몬,FALSE,FALSE,FALSE,FALSE,FALSE,FALSE,FALSE,1,불꽃,,0.6,9.9,2,타오르는불꽃,,가뭄,299,38,41,40,50,65,65,2,1,육상,,사족형,갈색,
37,vulpix-alolan,알로라식스테일,1,일반,여우포켓몬,FALSE,FALSE,FALSE,TRUE,FALSE,FALSE,FALSE,1,얼음,,0.6,9.9,2,눈숨기,,눈퍼뜨리기,299,38,41,40,50,65,65,2,1,육상,,사족형,하양,
38,ninetales,나인테일,1,일반,여우포켓몬,FALSE,FALSE,FALSE,FALSE,FALSE,FALSE,FALSE,1,불꽃,,1.1,19.9,2,타오르는불꽃,,가뭄,505,73,76,75,81,100,100,2,1,육상,,사족형,노랑,
38,ninetales-alolan,알로라나인테일,1,일반,여우포켓몬,FALSE,FALSE,FALSE,TRUE,FALSE,FALSE,FALSE,2,얼음,페어리,1.1,19.9,2,눈숨기,,눈퍼뜨리기,505,73,67,75,81,100,109,2,1,육상,,사족형,파랑,
39,jigglypuff,푸린,1,일반,풍선포켓몬,FALSE,FALSE,FALSE,FALSE,FALSE,FALSE,FALSE,2,노말,페어리,0.5,5.5,3,헤롱헤롱바디,승기,프렌드가드,270,115,45,20,45,25,20,3,1,요정,,인간형,담홍,
40,wigglytuff,푸크린,1,일반,풍선포켓몬,FALSE,FALSE,FALSE,FALSE,FALSE,FALSE,FALSE,2,노말,페어리,1,12,3,헤롱헤롱바디,승기,통찰,435,140,70,45,85,50,45,3,1,요정,,인간형,담홍,
41,zubat,주뱃,1,일반,박쥐포켓몬,FALSE,FALSE,FALSE,FALSE,FALSE,FALSE,FALSE,2,독,비행,0.8,7.5,2,정신력,,틈새포착,245,40,45,35,30,40,55,2,1,비행,,단익형,보라,
42,golbat,골뱃,1,일반,박쥐포켓몬,FALSE,FALSE,FALSE,FALSE,FALSE,FALSE,FALSE,2,독,비행,1.6,55,2,정신력,,틈새포착,455,75,80,70,65,75,90,2,1,비행,,단익형,보라,
43,oddish,뚜벅쵸,1,일반,잡초포켓몬,FALSE,FALSE,FALSE,FALSE,FALSE,FALSE,FALSE,2,풀,독,0.5,5.4,2,엽록소,,도주,320,45,50,55,75,65,30,4,1,식물,,다리형,파랑,
44,gloom,냄새꼬,1,일반,잡초포켓몬,FALSE,FALSE,FALSE,FALSE,FALSE,FALSE,FALSE,2,풀,독,0.8,8.6,2,엽록소,,악취,395,60,65,70,85,75,40,4,1,식물,,인간형,파랑,
45,vileplume,라플레시아,1,일반,꽃포켓몬,FALSE,FALSE,FALSE,FALSE,FALSE,FALSE,FALSE,2,풀,독,1.2,18.6,2,엽록소,,포자,490,75,80,85,110,90,50,4,1,식물,,인간형,빨강,
46,paras,파라스,1,일반,버섯포켓몬,FALSE,FALSE,FALSE,FALSE,FALSE,FALSE,FALSE,2,벌레,풀,0.3,5.4,3,포자,건조피부,습기,285,35,70,55,45,55,25,2,2,벌레,식물,곤충형,빨강,
47,parasect,파라섹트,1,일반,버섯포켓몬,FALSE,FALSE,FALSE,FALSE,FALSE,FALSE,FALSE,2,벌레,풀,1,29.5,3,포자,건조피부,습기,405,60,95,80,60,80,30,2,2,벌레,식물,곤충형,빨강,
48,venonat,콘팡,1,일반,곤충포켓몬,FALSE,FALSE,FALSE,FALSE,FALSE,FALSE,FALSE,2,벌레,독,1,30,3,복안,색안경,도주,305,60,55,50,40,55,45,2,1,벌레,,인간형,보라,
49,venomoth,도나리,1,일반,독나방포켓몬,FALSE,FALSE,FALSE,FALSE,FALSE,FALSE,FALSE,2,벌레,독,1.5,12.5,3,인분,색안경,미라클스킨,450,70,65,60,90,75,90,2,1,벌레,,다익형,보라,
50,diglett,디그다,1,일반,두더지포켓몬,FALSE,FALSE,FALSE,FALSE,FALSE,FALSE,FALSE,1,땅,,0.2,0.8,3,모래숨기,개미지옥,모래의힘,265,10,55,25,35,45,95,2,1,육상,,기둥형,갈색,
50,diglett-alolan,알로라디그다,1,일반,두더지포켓몬,FALSE,FALSE,FALSE,TRUE,FALSE,FALSE,FALSE,2,땅,강철,0.2,1,3,모래숨기,컬리헤어,모래의힘,265,10,55,30,35,45,90,2,1,육상,,기둥형,갈색,
51,dugtrio,닥트리오,1,일반,두더지포켓몬,FALSE,FALSE,FALSE,FALSE,FALSE,FALSE,FALSE,1,땅,,0.7,33.3,3,모래숨기,개미지옥,모래의힘,425,35,100,50,50,70,120,2,1,육상,,군집형,갈색,
51,dugtrio-alolan,알로라닥트리오,1,일반,두더지포켓몬,FALSE,FALSE,FALSE,TRUE,FALSE,FALSE,FALSE,2,땅,강철,0.7,66.6,3,모래숨기,컬리헤어,모래의힘,425,35,100,60,50,70,110,2,1,육상,,군집형,갈색,
52,meowth,나옹,1,일반,요괴고양이포켓몬,FALSE,FALSE,FALSE,FALSE,FALSE,TRUE,FALSE,1,노말,,0.4,4.2,3,픽업,테크니션,긴장감,290,40,45,35,40,40,90,2,1,육상,,사족형,노랑,
52,meowth-alolan,알로라나옹,1,일반,요괴고양이포켓몬,FALSE,FALSE,FALSE,TRUE,FALSE,FALSE,FALSE,1,악,,0.4,4.2,3,픽업,테크니션,주눅,290,40,35,35,50,40,90,2,1,육상,,사족형,파랑,
52,meowth-galarian,가라르나옹,1,일반,요괴고양이포켓몬,FALSE,FALSE,TRUE,FALSE,FALSE,FALSE,FALSE,1,강철,,0.4,7.5,3,픽업,단단한발톱,긴장감,290,50,65,55,40,40,40,2,1,육상,,이족꼬리형,갈색,
53,persian,페르시온,1,일반,샴고양이포켓몬,FALSE,FALSE,FALSE,FALSE,FALSE,FALSE,FALSE,1,노말,,1,32,3,유연,테크니션,긴장감,440,65,70,60,65,65,115,2,1,육상,,사족형,노랑,
53,persian-alolan,알로라페르시온,1,일반,샴고양이포켓몬,FALSE,FALSE,FALSE,TRUE,FALSE,FALSE,FALSE,1,악,,1.1,33,3,퍼코트,테크니션,주눅,440,65,60,60,75,65,115,2,1,육상,,사족형,파랑,
54,psyduck,고라파덕,1,일반,오리포켓몬,FALSE,FALSE,FALSE,FALSE,FALSE,FALSE,FALSE,1,물,,0.8,19.6,3,습기,날씨부정,쓱쓱,320,50,52,48,65,50,55,2,2,수중 1,육상,이족꼬리형,노랑,
55,golduck,골덕,1,일반,오리포켓몬,FALSE,FALSE,FALSE,FALSE,FALSE,FALSE,FALSE,1,물,,1.7,76.6,3,습기,날씨부정,쓱쓱,500,80,82,78,95,80,85,2,2,수중 1,육상,이족꼬리형,파랑,
56,mankey,망키,1,일반,돈숭이포켓몬,FALSE,FALSE,FALSE,FALSE,FALSE,FALSE,FALSE,1,격투,,0.5,28,3,의기양양,분노의경혈,오기,305,40,80,35,35,45,70,2,1,육상,,이족꼬리형,갈색,
57,primeape,성원숭,1,일반,돈숭이포켓몬,FALSE,FALSE,FALSE,FALSE,FALSE,FALSE,FALSE,1,격투,,1,32,3,의기양양,분노의경혈,오기,455,65,105,60,60,70,95,2,1,육상,,이족꼬리형,갈색,
58,growlithe,가디,1,일반,강아지포켓몬,FALSE,FALSE,FALSE,FALSE,FALSE,FALSE,FALSE,1,불꽃,,0.7,19,3,위협,타오르는불꽃,정의의마음,350,55,70,45,70,50,60,1,1,육상,,사족형,갈색,
58,growlithe-hisuian,히스이가디,1,일반,강아지포켓몬,FALSE,TRUE,FALSE,FALSE,FALSE,FALSE,FALSE,2,불꽃,바위,0.8,22.7,3,위협,타오르는불꽃,돌머리,350,60,75,45,65,50,55,1,1,육상,,사족형,갈색,
59,arcanine,윈디,1,일반,전설포켓몬,FALSE,FALSE,FALSE,FALSE,FALSE,FALSE,FALSE,1,불꽃,,1.9,155,3,위협,타오르는불꽃,정의의마음,555,90,110,80,100,80,95,1,1,육상,,사족형,갈색,
59,arcanine-hisuian,히스이윈디,1,일반,전설포켓몬,FALSE,TRUE,FALSE,FALSE,FALSE,FALSE,FALSE,2,불꽃,바위,2,168,3,위협,타오르는불꽃,돌머리,555,95,115,80,95,80,90,1,1,육상,,사족형,갈색,
60,poliwag,발챙이,1,일반,올챙이포켓몬,FALSE,FALSE,FALSE,FALSE,FALSE,FALSE,FALSE,1,물,,0.6,12.4,3,저수,습기,쓱쓱,300,40,50,40,40,40,90,4,1,수중 1,,다리형,파랑,
61,poliwhirl,슈륙챙이,1,일반,올챙이포켓몬,FALSE,FALSE,FALSE,FALSE,FALSE,FALSE,FALSE,1,물,,1,20,3,저수,습기,쓱쓱,385,65,65,65,50,50,90,4,1,수중 1,,인간형,파랑,
62,poliwrath,강챙이,1,일반,올챙이포켓몬,FALSE,FALSE,FALSE,FALSE,FALSE,FALSE,FALSE,2,물,격투,1.3,54,3,저수,습기,쓱쓱,510,90,95,95,70,90,70,4,1,수중 1,,인간형,파랑,
63,abra,캐이시,1,일반,초능력포켓몬,FALSE,FALSE,FALSE,FALSE,FALSE,FALSE,FALSE,1,에스퍼,,0.9,19.5,3,싱크로,정신력,매직가드,310,25,20,15,105,55,90,4,1,인간형,,이족꼬리형,갈색,
64,kadabra,윤겔라,1,일반,초능력포켓몬,FALSE,FALSE,FALSE,FALSE,FALSE,FALSE,FALSE,1,에스퍼,,1.3,56.5,3,싱크로,정신력,매직가드,400,40,35,30,120,70,105,4,1,인간형,,이족꼬리형,갈색,
65,alakazam,후딘,1,일반,초능력포켓몬,FALSE,FALSE,FALSE,FALSE,FALSE,FALSE,FALSE,1,에스퍼,,1.5,48,3,싱크로,정신력,매직가드,500,55,50,45,135,95,120,4,1,인간형,,인간형,갈색,
65,alakazam-mega,메가후딘,1,일반,초능력포켓몬,FALSE,FALSE,FALSE,FALSE,TRUE,FALSE,FALSE,1,에스퍼,,1.2,48,1,트레이스,,,600,55,50,65,175,105,150,4,1,인간형,,인간형,갈색,
66,machop,알통몬,1,일반,괴력포켓몬,FALSE,FALSE,FALSE,FALSE,FALSE,FALSE,FALSE,1,격투,,0.8,19.5,3,근성,노가드,불굴의마음,305,70,80,50,35,35,35,4,1,인간형,,이족꼬리형,회색,
67,machoke,근육몬,1,일반,괴력포켓몬,FALSE,FALSE,FALSE,FALSE,FALSE,FALSE,FALSE,1,격투,,1.5,70.5,3,근성,노가드,불굴의마음,405,80,100,70,50,60,45,4,1,인간형,,인간형,회색,
68,machamp,괴력몬,1,일반,괴력포켓몬,FALSE,FALSE,FALSE,FALSE,FALSE,TRUE,FALSE,1,격투,,1.6,130,3,근성,노가드,불굴의마음,505,90,130,80,65,85,55,4,1,인간형,,인간형,회색,
69,bellsprout,모다피,1,일반,꽃포켓몬,FALSE,FALSE,FALSE,FALSE,FALSE,FALSE,FALSE,2,풀,독,0.7,4,2,엽록소,,먹보,300,50,75,35,70,30,40,4,1,식물,,인간형,초록,
70,weepinbell,우츠동,1,일반,파리잡이포켓몬,FALSE,FALSE,FALSE,FALSE,FALSE,FALSE,FALSE,2,풀,독,1,6.4,2,엽록소,,먹보,390,65,90,50,85,45,55,4,1,식물,,기둥형,초록,
71,victreebel,우츠보트,1,일반,파리잡이포켓몬,FALSE,FALSE,FALSE,FALSE,FALSE,FALSE,FALSE,2,풀,독,1.7,15.5,2,엽록소,,먹보,490,80,105,65,100,70,70,4,1,식물,,기둥형,초록,
71,victreebel-mega,메가우츠보트,1,일반,파리잡이포켓몬,FALSE,FALSE,FALSE,FALSE,TRUE,FALSE,FALSE,2,풀,독,4.5,125.5,2,엽록소,,,590,80,125,85,135,95,70,4,1,식물,,기둥형,노랑,https://data1.pokemonkorea.co.kr/newdata/pokedex/full/007102.png
72,tentacool,왕눈해,1,일반,해파리포켓몬,FALSE,FALSE,FALSE,FALSE,FALSE,FALSE,FALSE,2,물,독,0.9,45.5,3,클리어바디,해감액,젖은접시,335,40,40,35,50,100,70,1,1,수중 3,,다족형,파랑,
73,tentacruel,독파리,1,일반,해파리포켓몬,FALSE,FALSE,FALSE,FALSE,FALSE,FALSE,FALSE,2,물,독,1.6,55,3,클리어바디,해감액,젖은접시,515,80,70,65,80,120,100,1,1,수중 3,,다족형,파랑,
74,geodude,꼬마돌,1,일반,암석포켓몬,FALSE,FALSE,FALSE,FALSE,FALSE,FALSE,FALSE,2,바위,땅,0.4,20,3,돌머리,옹골참,모래숨기,300,40,80,100,30,30,20,4,1,광물,,팔형,갈색,
74,geodude-alolan,알로라꼬마돌,1,일반,암석포켓몬,FALSE,FALSE,FALSE,TRUE,FALSE,FALSE,FALSE,2,바위,전기,0.4,20.3,3,자력,옹골참,일렉트릭스킨,300,40,80,100,30,30,20,4,1,광물,,팔형,회색,
75,graveler,데구리,1,일반,암석포켓몬,FALSE,FALSE,FALSE,FALSE,FALSE,FALSE,FALSE,2,바위,땅,1,105,3,돌머리,옹골참,모래숨기,390,55,95,115,45,45,35,4,1,광물,,인간형,갈색,
75,graveler-alolan,알로라데구리,1,일반,암석포켓몬,FALSE,FALSE,FALSE,TRUE,FALSE,FALSE,FALSE,2,바위,전기,1,110,3,자력,옹골참,일렉트릭스킨,390,55,95,115,45,45,35,4,1,광물,,인간형,회색,
76,golem,딱구리,1,일반,메가톤포켓몬,FALSE,FALSE,FALSE,FALSE,FALSE,FALSE,FALSE,2,바위,땅,1.4,300,3,돌머리,옹골참,모래숨기,495,80,120,130,55,65,45,4,1,광물,,인간형,갈색,
76,golem-alolan,알로라딱구리,1,일반,메가톤포켓몬,FALSE,FALSE,FALSE,TRUE,FALSE,FALSE,FALSE,2,바위,전기,1.7,316,3,자력,옹골참,일렉트릭스킨,495,80,120,130,55,65,45,4,1,광물,,인간형,회색,
77,ponyta,포니타,1,일반,불의말포켓몬,FALSE,FALSE,FALSE,FALSE,FALSE,FALSE,FALSE,1,불꽃,,1,30,3,도주,타오르는불꽃,불꽃몸,410,50,85,55,65,65,90,2,1,육상,,사족형,노랑,
77,ponyta-galarian,가라르포니타,1,일반,불의말포켓몬,FALSE,FALSE,TRUE,FALSE,FALSE,FALSE,FALSE,1,에스퍼,,0.8,24,3,도주,파스텔베일,위험예지,410,50,85,55,65,65,90,2,1,육상,,사족형,하양,
78,rapidash,날쌩마,1,일반,불의말포켓몬,FALSE,FALSE,FALSE,FALSE,FALSE,FALSE,FALSE,1,불꽃,,1.7,95,3,도주,타오르는불꽃,불꽃몸,500,65,100,70,80,80,105,2,1,육상,,사족형,노랑,
78,rapidash-galarian,가라르날쌩마,1,일반,불의말포켓몬,FALSE,FALSE,TRUE,FALSE,FALSE,FALSE,FALSE,2,에스퍼,페어리,1.7,80,3,도주,파스텔베일,위험예지,500,65,100,70,80,80,105,2,1,육상,,사족형,하양,
79,slowpoke,야돈,1,일반,얼간이포켓몬,FALSE,FALSE,FALSE,FALSE,FALSE,FALSE,FALSE,2,물,에스퍼,1.2,36,3,둔감,마이페이스,재생력,315,90,65,65,40,40,15,2,2,괴수,수중 1,사족형,담홍,
79,slowpoke-galarian,가라르야돈,1,일반,얼간이포켓몬,FALSE,FALSE,TRUE,FALSE,FALSE,FALSE,FALSE,1,에스퍼,,1.2,36,3,먹보,마이페이스,재생력,315,90,65,65,40,40,15,2,2,괴수,수중 1,사족형,담홍,
80,slowbro,야도란,1,일반,기생포켓몬,FALSE,FALSE,FALSE,FALSE,FALSE,FALSE,FALSE,2,물,에스퍼,1.6,78.5,3,둔감,마이페이스,재생력,490,95,75,110,100,80,30,2,2,괴수,수중 1,이족꼬리형,담홍,
80,slowbro-galarian,가라르야도란,1,일반,기생포켓몬,FALSE,FALSE,TRUE,FALSE,FALSE,FALSE,FALSE,2,독,에스퍼,1.6,70.5,3,퀵드로,마이페이스,재생력,490,95,100,95,100,70,30,2,2,괴수,수중 1,이족꼬리형,담홍,
80,slowbro-mega,메가야도란,1,일반,기생포켓몬,FALSE,FALSE,FALSE,FALSE,TRUE,FALSE,FALSE,2,물,에스퍼,2,120,1,조가비갑옷,,,590,95,75,180,130,80,30,2,2,괴수,수중 1,팔형,담홍,
81,magnemite,코일,1,일반,자석포켓몬,FALSE,FALSE,FALSE,FALSE,FALSE,FALSE,FALSE,2,전기,강철,0.3,6,3,자력,옹골참,애널라이즈,325,25,35,70,95,55,45,2,1,광물,,팔형,회색,
82,magneton,레어코일,1,일반,자석포켓몬,FALSE,FALSE,FALSE,FALSE,FALSE,FALSE,FALSE,2,전기,강철,1,60,3,자력,옹골참,애널라이즈,465,50,60,95,120,70,70,2,1,광물,,군집형,회색,
83,farfetchd,파오리,1,일반,청둥오리포켓몬,FALSE,FALSE,FALSE,FALSE,FALSE,FALSE,FALSE,2,노말,비행,0.8,15,3,날카로운눈,정신력,오기,377,52,90,55,58,62,60,2,2,비행,육상,단익형,갈색,
83,farfetchd-galarian,가라르파오리,1,일반,청둥오리포켓몬,FALSE,FALSE,TRUE,FALSE,FALSE,FALSE,FALSE,1,격투,,0.8,42,2,불굴의마음,,배짱,377,52,95,55,58,62,55,2,2,비행,육상,단익형,갈색,
84,doduo,두두,1,일반,쌍둥이새포켓몬,FALSE,FALSE,FALSE,FALSE,FALSE,FALSE,FALSE,2,노말,비행,1.4,39.2,3,도주,일찍기상,갈지자걸음,310,35,85,45,35,35,75,2,1,비행,,다리형,갈색,
85,dodrio,두트리오,1,일반,세쌍둥이새포켓몬,FALSE,FALSE,FALSE,FALSE,FALSE,FALSE,FALSE,2,노말,비행,1.8,85.2,3,도주,일찍기상,갈지자걸음,470,60,110,70,60,60,110,2,1,비행,,다리형,갈색,
86,seel,쥬쥬,1,일반,강치포켓몬,FALSE,FALSE,FALSE,FALSE,FALSE,FALSE,FALSE,1,물,,1.1,90,3,두꺼운지방,촉촉바디,아이스바디,325,65,45,55,45,70,45,2,2,수중 1,육상,물고기형,하양,
87,dewgong,쥬레곤,1,일반,강치포켓몬,FALSE,FALSE,FALSE,FALSE,FALSE,FALSE,FALSE,2,물,얼음,1.7,120,3,두꺼운지방,촉촉바디,아이스바디,475,90,70,80,70,95,70,2,2,수중 1,육상,물고기형,하양,
88,grimer,질퍽이,1,일반,진흙포켓몬,FALSE,FALSE,FALSE,FALSE,FALSE,FALSE,FALSE,1,독,,0.9,30,3,악취,점착,독수,325,80,80,50,40,50,25,2,1,부정형,,팔형,보라,
88,grimer-alolan,알로라질퍽이,1,일반,진흙포켓몬,FALSE,FALSE,FALSE,TRUE,FALSE,FALSE,FALSE,2,독,악,0.7,42,3,독수,먹보,과학의힘,325,80,80,50,40,50,25,2,1,부정형,,팔형,초록,
89,muk,질뻐기,1,일반,진흙포켓몬,FALSE,FALSE,FALSE,FALSE,FALSE,FALSE,FALSE,1,독,,1.2,30,3,악취,점착,독수,500,105,105,75,65,100,50,2,1,부정형,,팔형,보라,
89,muk-alolan,알로라질뻐기,1,일반,진흙포켓몬,FALSE,FALSE,FALSE,TRUE,FALSE,FALSE,FALSE,2,독,악,1,52,3,독수,먹보,과학의힘,500,105,105,75,65,100,50,2,1,부정형,,팔형,초록,
90,shellder,셀러,1,일반,두조개포켓몬,FALSE,FALSE,FALSE,FALSE,FALSE,FALSE,FALSE,1,물,,0.3,4,3,조가비갑옷,스킬링크,방진,305,30,65,100,45,25,40,1,1,수중 3,,머리형,보라,
91,cloyster,파르셀,1,일반,두조개포켓몬,FALSE,FALSE,FALSE,FALSE,FALSE,FALSE,FALSE,2,물,얼음,1.5,132.5,3,조가비갑옷,스킬링크,방진,525,50,95,180,85,45,70,1,1,수중 3,,머리형,보라,
92,gastly,고오스,1,일반,가스포켓몬,FALSE,FALSE,FALSE,FALSE,FALSE,FALSE,FALSE,2,고스트,독,1.3,0.1,1,부유,,,310,30,35,30,100,35,80,4,1,부정형,,머리형,보라,
93,haunter,고우스트,1,일반,가스포켓몬,FALSE,FALSE,FALSE,FALSE,FALSE,FALSE,FALSE,2,고스트,독,1.6,0.1,1,부유,,,405,45,50,45,115,55,95,4,1,부정형,,팔형,보라,
94,gengar,팬텀,1,일반,그림자포켓몬,FALSE,FALSE,FALSE,FALSE,FALSE,TRUE,FALSE,2,고스트,독,1.5,40.5,1,저주받은바디,,,500,60,65,60,130,75,110,4,1,부정형,,이족꼬리형,보라,
94,gengar-mega,메가팬텀,1,일반,그림자포켓몬,FALSE,FALSE,FALSE,FALSE,TRUE,FALSE,FALSE,2,고스트,독,1.4,40.5,1,그림자밟기,,,600,60,65,80,170,95,130,4,1,부정형,,이족꼬리형,보라,
95,onix,롱스톤,1,일반,돌뱀포켓몬,FALSE,FALSE,FALSE,FALSE,FALSE,FALSE,FALSE,2,바위,땅,8.8,210,3,돌머리,옹골참,깨어진갑옷,385,35,45,160,30,45,70,2,1,광물,,뱀형,회색,
96,drowzee,슬리프,1,일반,최면포켓몬,FALSE,FALSE,FALSE,FALSE,FALSE,FALSE,FALSE,1,에스퍼,,1,32.4,3,불면,예지몽,정신력,328,60,48,45,43,90,42,2,1,인간형,,인간형,노랑,
97,hypno,슬리퍼,1,일반,최면포켓몬,FALSE,FALSE,FALSE,FALSE,FALSE,FALSE,FALSE,1,에스퍼,,1.6,75.6,3,불면,예지몽,정신력,483,85,73,70,73,115,67,2,1,인간형,,인간형,노랑,
98,krabby,크랩,1,일반,게포켓몬,FALSE,FALSE,FALSE,FALSE,FALSE,FALSE,FALSE,1,물,,0.4,6.5,3,괴력집게,조가비갑옷,우격다짐,325,30,105,90,25,25,50,2,1,수중 3,,곤충형,빨강,
99,kingler,킹크랩,1,일반,집게포켓몬,FALSE,FALSE,FALSE,FALSE,FALSE,TRUE,FALSE,1,물,,1.3,60,3,괴력집게,조가비갑옷,우격다짐,475,55,130,115,50,50,75,2,1,수중 3,,곤충형,빨강,
100,voltorb,찌리리공,1,일반,볼포켓몬,FALSE,FALSE,FALSE,FALSE,FALSE,FALSE,FALSE,1,전기,,0.5,10.4,3,방음,정전기,유폭,330,40,30,50,55,55,100,2,1,광물,,머리형,빨강,
100,voltorb-hisuian,히스이찌리리공,1,일반,볼포켓몬,FALSE,TRUE,FALSE,FALSE,FALSE,FALSE,FALSE,2,전기,풀,0.5,13,3,방음,정전기,유폭,330,40,30,50,55,55,100,2,1,광물,,머리형,빨강,
101,electrode,붐볼,1,일반,볼포켓몬,FALSE,FALSE,FALSE,FALSE,FALSE,FALSE,FALSE,1,전기,,1.2,66.6,3,방음,정전기,유폭,490,60,50,70,80,80,150,2,1,광물,,머리형,빨강,
101,electrode-hisuian,히스이붐볼,1,일반,볼포켓몬,FALSE,TRUE,FALSE,FALSE,FALSE,FALSE,FALSE,2,전기,풀,1.2,71,3,방음,정전기,유폭,490,60,50,70,80,80,150,2,1,광물,,머리형,빨강,
102,exeggcute,아라리,1,일반,알포켓몬,FALSE,FALSE,FALSE,FALSE,FALSE,FALSE,FALSE,2,풀,에스퍼,0.4,2.5,2,엽록소,,수확,325,60,40,80,60,45,40,1,1,식물,,군집형,담홍,
103,exeggutor,나시,1,일반,야자열매포켓몬,FALSE,FALSE,FALSE,FALSE,FALSE,FALSE,FALSE,2,풀,에스퍼,2,120,2,엽록소,,수확,530,95,95,85,125,75,55,1,1,식물,,다리형,노랑,
103,exeggutor-alolan,알로라나시,1,일반,야자열매포켓몬,FALSE,FALSE,FALSE,TRUE,FALSE,FALSE,FALSE,2,풀,드래곤,10.9,415.6,2,통찰,,수확,530,95,105,85,125,75,45,1,1,식물,,다리형,노랑,
104,cubone,탕구리,1,일반,고독포켓몬,FALSE,FALSE,FALSE,FALSE,FALSE,FALSE,FALSE,1,땅,,0.4,6.5,3,돌머리,피뢰침,전투무장,320,50,50,95,40,50,35,2,1,괴수,,이족꼬리형,갈색,
105,marowak,텅구리,1,일반,뼈다귀포켓몬,FALSE,FALSE,FALSE,FALSE,FALSE,FALSE,FALSE,1,땅,,1,45,3,돌머리,피뢰침,전투무장,425,60,80,110,50,80,45,2,1,괴수,,이족꼬리형,갈색,
105,marowak-alolan,알로라텅구리,1,일반,뼈다귀포켓몬,FALSE,FALSE,FALSE,TRUE,FALSE,FALSE,FALSE,2,불꽃,고스트,1,34,3,저주받은바디,피뢰침,돌머리,425,60,80,110,50,80,45,2,1,괴수,,이족꼬리형,보라,
106,hitmonlee,시라소몬,1,일반,킥포켓몬,FALSE,FALSE,FALSE,FALSE,FALSE,FALSE,FALSE,1,격투,,1.5,49.8,3,유연,이판사판,곡예,455,50,120,53,35,110,87,2,1,인간형,,인간형,갈색,
107,hitmonchan,홍수몬,1,일반,펀치포켓몬,FALSE,FALSE,FALSE,FALSE,FALSE,FALSE,FALSE,1,격투,,1.4,50.2,3,날카로운눈,철주먹,정신력,455,50,105,79,35,110,76,2,1,인간형,,인간형,갈색,
108,lickitung,내루미,1,일반,핥기포켓몬,FALSE,FALSE,FALSE,FALSE,FALSE,FALSE,FALSE,1,노말,,1.2,65.5,3,마이페이스,둔감,날씨부정,385,90,55,75,60,75,30,2,1,괴수,,이족꼬리형,담홍,
109,koffing,또가스,1,일반,독가스포켓몬,FALSE,FALSE,FALSE,FALSE,FALSE,FALSE,FALSE,1,독,,0.6,1,3,부유,화학변화가스,악취,340,40,65,95,60,45,35,2,1,부정형,,머리형,보라,
110,weezing,또도가스,1,일반,독가스포켓몬,FALSE,FALSE,FALSE,FALSE,FALSE,FALSE,FALSE,1,독,,1.2,9.5,3,부유,화학변화가스,악취,490,65,90,120,85,70,60,2,1,부정형,,군집형,보라,
110,weezing-galarian,가라르또도가스,1,일반,독가스포켓몬,FALSE,FALSE,TRUE,FALSE,FALSE,FALSE,FALSE,2,독,페어리,3,16,3,부유,화학변화가스,미스트메이커,490,65,90,120,85,70,60,2,1,부정형,,군집형,회색,
111,rhyhorn,뿔카노,1,일반,뿔포켓몬,FALSE,FALSE,FALSE,FALSE,FALSE,FALSE,FALSE,2,땅,바위,1,115,3,피뢰침,돌머리,이판사판,345,80,85,95,30,30,25,1,2,괴수,육상,사족형,회색,
112,rhydon,코뿌리,1,일반,드릴포켓몬,FALSE,FALSE,FALSE,FALSE,FALSE,FALSE,FALSE,2,땅,바위,1.9,120,3,피뢰침,돌머리,이판사판,485,105,130,120,45,45,40,1,2,괴수,육상,이족꼬리형,회색,
113,chansey,럭키,1,일반,알포켓몬,FALSE,FALSE,FALSE,FALSE,FALSE,FALSE,FALSE,1,노말,,1.1,34.6,3,자연회복,하늘의은총,치유의마음,450,250,5,5,35,105,50,3,1,요정,,이족꼬리형,담홍,
114,tangela,덩쿠리,1,일반,넝쿨포켓몬,FALSE,FALSE,FALSE,FALSE,FALSE,FALSE,FALSE,1,풀,,1,35,3,엽록소,리프가드,재생력,435,65,55,115,100,40,60,2,1,식물,,다리형,파랑,
115,kangaskhan,캥카,1,일반,가족포켓몬,FALSE,FALSE,FALSE,FALSE,FALSE,FALSE,FALSE,1,노말,,2.2,80,3,일찍기상,배짱,정신력,490,105,95,80,40,80,90,2,1,괴수,,이족꼬리형,갈색,
115,kangaskhan-mega,메가캥카,1,일반,가족포켓몬,FALSE,FALSE,FALSE,FALSE,TRUE,FALSE,FALSE,1,노말,,2.2,100,1,부자유친,,,590,105,125,100,60,100,100,2,1,괴수,,이족꼬리형,갈색,
116,horsea,쏘드라,1,일반,드래곤포켓몬,FALSE,FALSE,FALSE,FALSE,FALSE,FALSE,FALSE,1,물,,0.4,8,3,쓱쓱,스나이퍼,습기,295,30,40,70,70,25,60,2,2,수중 1,드래곤,기둥형,파랑,
117,seadra,시드라,1,일반,드래곤포켓몬,FALSE,FALSE,FALSE,FALSE,FALSE,FALSE,FALSE,1,물,,1.2,25,3,독가시,스나이퍼,습기,440,55,65,95,95,45,85,2,2,수중 1,드래곤,기둥형,파랑,
118,goldeen,콘치,1,일반,금붕어포켓몬,FALSE,FALSE,FALSE,FALSE,FALSE,FALSE,FALSE,1,물,,0.6,15,3,쓱쓱,수의베일,피뢰침,320,45,67,60,35,50,63,2,1,수중 2,,물고기형,빨강,
119,seaking,왕콘치,1,일반,금붕어포켓몬,FALSE,FALSE,FALSE,FALSE,FALSE,FALSE,FALSE,1,물,,1.3,39,3,쓱쓱,수의베일,피뢰침,450,80,92,65,65,80,68,2,1,수중 2,,물고기형,빨강,
120,staryu,별가사리,1,일반,별포켓몬,FALSE,FALSE,FALSE,FALSE,FALSE,FALSE,FALSE,1,물,,0.8,34.5,3,발광,자연회복,애널라이즈,340,30,45,55,70,55,85,1,1,수중 3,,기둥형,갈색,
121,starmie,아쿠스타,1,일반,수수께끼포켓몬,FALSE,FALSE,FALSE,FALSE,FALSE,FALSE,FALSE,2,물,에스퍼,1.1,80,3,발광,자연회복,애널라이즈,520,60,75,85,100,85,115,1,1,수중 3,,기둥형,보라,
121,starmie-mega,메가아쿠스타,1,일반,수수께끼포켓몬,FALSE,FALSE,FALSE,FALSE,TRUE,FALSE,FALSE,2,물,에스퍼,2.3,80,3,발광,자연회복,,660,60,140,105,130,105,120,1,1,수중 3,,기둥형,보라,https://data1.pokemonkorea.co.kr/newdata/pokedex/full/012102.png
122,mr-mime,마임맨,1,일반,배리어포켓몬,FALSE,FALSE,FALSE,FALSE,FALSE,FALSE,FALSE,2,에스퍼,페어리,1.3,54.5,3,방음,필터,테크니션,460,40,45,65,100,120,90,2,1,인간형,,인간형,담홍,
122,mr-mime-galarian,가라르마임맨,1,일반,배리어포켓몬,FALSE,FALSE,TRUE,FALSE,FALSE,FALSE,FALSE,2,얼음,에스퍼,1.4,56.8,3,의기양양,배리어프리,아이스바디,460,50,65,65,90,90,100,2,1,인간형,,인간형,하양,
123,scyther,스라크,1,일반,버마재비포켓몬,FALSE,FALSE,FALSE,FALSE,FALSE,FALSE,FALSE,2,벌레,비행,1.5,56,3,벌레의알림,테크니션,불굴의마음,500,70,110,80,55,80,105,2,1,벌레,,다익형,초록,
124,jynx,루주라,1,일반,인간형태포켓몬,FALSE,FALSE,FALSE,FALSE,FALSE,FALSE,FALSE,2,얼음,에스퍼,1.4,40.6,3,둔감,예지몽,건조피부,455,65,50,35,115,95,95,2,1,인간형,,인간형,빨강,
125,electabuzz,에레브,1,일반,전기포켓몬,FALSE,FALSE,FALSE,FALSE,FALSE,FALSE,FALSE,1,전기,,1.1,30,2,정전기,,의기양양,490,65,83,57,95,85,105,2,1,인간형,,이족꼬리형,노랑,
126,magmar,마그마,1,일반,불뿜기포켓몬,FALSE,FALSE,FALSE,FALSE,FALSE,FALSE,FALSE,1,불꽃,,1.3,44.5,2,불꽃몸,,의기양양,495,65,95,57,100,85,93,2,1,인간형,,이족꼬리형,빨강,
127,pinsir,쁘사이저,1,일반,뿔집게포켓몬,FALSE,FALSE,FALSE,FALSE,FALSE,FALSE,FALSE,1,벌레,,1.5,55,3,괴력집게,틀깨기,자기과신,500,65,125,100,55,70,85,1,1,벌레,,인간형,갈색,
127,pinsir-mega,메가쁘사이저,1,일반,뿔집게포켓몬,FALSE,FALSE,FALSE,FALSE,TRUE,FALSE,FALSE,2,벌레,비행,1.7,59,1,스카이스킨,,,600,65,155,120,65,90,105,1,1,벌레,,다익형,갈색,
128,tauros,켄타로스,1,일반,성난소포켓몬,FALSE,FALSE,FALSE,FALSE,FALSE,FALSE,FALSE,1,노말,,1.4,88.4,3,위협,분노의경혈,우격다짐,490,75,100,95,40,70,110,1,1,육상,,사족형,갈색,
128,tauros-paldean-combat,팔데아켄타로스(컴뱃종),1,일반,성난소포켓몬,TRUE,FALSE,FALSE,FALSE,FALSE,FALSE,TRUE,1,격투,,1.4,115,3,위협,분노의경혈,되새김질,490,75,110,105,30,70,100,1,1,육상,,사족형,검정,
128,tauros-paldean-blaze,팔데아켄타로스(블레이즈종),1,일반,성난소포켓몬,TRUE,FALSE,FALSE,FALSE,FALSE,FALSE,TRUE,2,격투,불꽃,1.4,85,3,위협,분노의경혈,되새김질,490,75,110,105,30,70,100,1,1,육상,,사족형,검정,
128,tauros-paldean-aqua,팔데아켄타로스(워터종),1,일반,성난소포켓몬,TRUE,FALSE,FALSE,FALSE,FALSE,FALSE,TRUE,2,격투,물,1.4,110,3,위협,분노의경혈,되새김질,490,75,110,105,30,70,100,1,1,육상,,사족형,검정,
129,magikarp,잉어킹,1,일반,물고기포켓몬,FALSE,FALSE,FALSE,FALSE,FALSE,FALSE,FALSE,1,물,,0.9,10,2,쓱쓱,,주눅,200,20,10,55,15,20,80,1,2,수중 2,드래곤,물고기형,빨강,
130,gyarados,갸라도스,1,일반,흉악포켓몬,FALSE,FALSE,FALSE,FALSE,FALSE,FALSE,FALSE,2,물,비행,6.5,235,2,위협,,자기과신,540,95,125,79,60,100,81,1,2,수중 2,드래곤,뱀형,파랑,
130,gyarados-mega,메가갸라도스,1,일반,흉악포켓몬,FALSE,FALSE,FALSE,FALSE,TRUE,FALSE,FALSE,2,물,악,6.5,305,1,틀깨기,,,640,95,155,109,70,130,81,1,2,수중 2,드래곤,뱀형,파랑,
131,lapras,라프라스,1,일반,탈것포켓몬,FALSE,FALSE,FALSE,FALSE,FALSE,TRUE,FALSE,2,물,얼음,2.5,220,3,저수,조가비갑옷,촉촉바디,535,130,85,80,85,95,60,1,2,괴수,수중 1,물고기형,파랑,
132,ditto,메타몽,1,일반,변신포켓몬,FALSE,FALSE,FALSE,FALSE,FALSE,FALSE,FALSE,1,노말,,0.3,4,2,유연,,괴짜,288,48,48,48,48,48,48,2,1,메타몽,,머리형,보라,
133,eevee,이브이,1,일반,진화포켓몬,FALSE,FALSE,FALSE,FALSE,FALSE,TRUE,FALSE,1,노말,,0.3,6.5,3,도주,적응력,위험예지,325,55,55,50,45,65,55,2,1,육상,,사족형,갈색,
134,vaporeon,샤미드,1,일반,거품뿜기포켓몬,FALSE,FALSE,FALSE,FALSE,FALSE,FALSE,FALSE,1,물,,1,29,2,저수,,촉촉바디,525,130,65,60,110,95,65,2,1,육상,,사족형,파랑,
135,jolteon,쥬피썬더,1,일반,번개포켓몬,FALSE,FALSE,FALSE,FALSE,FALSE,FALSE,FALSE,1,전기,,0.8,24.5,2,축전,,속보,525,65,65,60,110,95,130,2,1,육상,,사족형,노랑,
136,flareon,부스터,1,일반,불꽃포켓몬,FALSE,FALSE,FALSE,FALSE,FALSE,FALSE,FALSE,1,불꽃,,0.9,25,2,타오르는불꽃,,근성,525,65,130,60,95,110,65,2,1,육상,,사족형,빨강,
137,porygon,폴리곤,1,일반,가상포켓몬,FALSE,FALSE,FALSE,FALSE,FALSE,FALSE,FALSE,1,노말,,0.8,36.5,3,트레이스,다운로드,애널라이즈,395,65,60,70,85,75,40,2,1,광물,,다리형,담홍,
138,omanyte,암나이트,1,일반,소용돌이포켓몬,FALSE,FALSE,FALSE,FALSE,FALSE,FALSE,FALSE,2,바위,물,0.4,7.5,3,쓱쓱,조가비갑옷,깨어진갑옷,355,35,40,100,90,55,35,2,2,수중 1,수중 3,다족형,파랑,
139,omastar,암스타,1,일반,소용돌이포켓몬,FALSE,FALSE,FALSE,FALSE,FALSE,FALSE,FALSE,2,바위,물,1,35,3,쓱쓱,조가비갑옷,깨어진갑옷,495,70,60,125,115,70,55,2,2,수중 1,수중 3,다족형,파랑,
140,kabuto,투구,1,일반,껍질포켓몬,FALSE,FALSE,FALSE,FALSE,FALSE,FALSE,FALSE,2,바위,물,0.5,11.5,3,쓱쓱,전투무장,깨어진갑옷,355,30,80,90,55,45,55,2,2,수중 1,수중 3,곤충형,갈색,
141,kabutops,투구푸스,1,일반,껍질포켓몬,FALSE,FALSE,FALSE,FALSE,FALSE,FALSE,FALSE,2,바위,물,1.3,40.5,3,쓱쓱,전투무장,깨어진갑옷,495,60,115,105,65,70,80,2,2,수중 1,수중 3,이족꼬리형,갈색,
142,aerodactyl,프테라,1,일반,화석포켓몬,FALSE,FALSE,FALSE,FALSE,FALSE,FALSE,FALSE,2,바위,비행,1.8,59,3,돌머리,프레셔,긴장감,515,80,105,65,60,75,130,1,1,비행,,단익형,보라,
142,aerodactyl-mega,메가프테라,1,일반,화석포켓몬,FALSE,FALSE,FALSE,FALSE,TRUE,FALSE,FALSE,2,바위,비행,2.1,79,1,단단한발톱,,,615,80,135,85,70,95,150,1,1,비행,,단익형,보라,
143,snorlax,잠만보,1,일반,졸음포켓몬,FALSE,FALSE,FALSE,FALSE,FALSE,TRUE,FALSE,1,노말,,2.1,460,3,면역,두꺼운지방,먹보,540,160,110,65,65,110,30,1,1,괴수,,인간형,검정,
144,articuno,프리져,1,준전설,냉동포켓몬,FALSE,FALSE,FALSE,FALSE,FALSE,FALSE,FALSE,2,얼음,비행,1.7,55.4,2,프레셔,,눈숨기,580,90,85,100,95,125,85,1,1,알미발견,,단익형,파랑,
144,articuno-galarian,가라르프리져,1,준전설,냉동포켓몬,FALSE,FALSE,TRUE,FALSE,FALSE,FALSE,FALSE,2,에스퍼,비행,1.7,50.9,1,승기,,,580,90,85,85,125,100,95,1,1,알미발견,,단익형,보라,
145,zapdos,썬더,1,준전설,전기포켓몬,FALSE,FALSE,FALSE,FALSE,FALSE,FALSE,FALSE,2,전기,비행,1.6,52.6,2,프레셔,,정전기,580,90,90,85,125,90,100,1,1,알미발견,,단익형,노랑,
145,zapdos-galarian,가라르썬더,1,준전설,전기포켓몬,FALSE,FALSE,TRUE,FALSE,FALSE,FALSE,FALSE,2,격투,비행,1.6,58.2,1,오기,,,580,90,125,90,85,90,100,1,1,알미발견,,단익형,노랑,
146,moltres,파이어,1,준전설,화염포켓몬,FALSE,FALSE,FALSE,FALSE,FALSE,FALSE,FALSE,2,불꽃,비행,2,60,2,프레셔,,불꽃몸,580,90,100,90,125,85,90,1,1,알미발견,,단익형,노랑,
146,moltres-galarian,가라르파이어,1,준전설,화염포켓몬,FALSE,FALSE,TRUE,FALSE,FALSE,FALSE,FALSE,2,악,비행,2,66,1,발끈,,,580,90,85,90,100,125,90,1,1,알미발견,,단익형,빨강,
147,dratini,미뇽,1,일반,드래곤포켓몬,FALSE,FALSE,FALSE,FALSE,FALSE,FALSE,FALSE,1,드래곤,,1.8,3.3,2,탈피,,이상한비늘,300,41,64,45,50,50,50,1,2,수중 1,드래곤,뱀형,파랑,
148,dragonair,신뇽,1,일반,드래곤포켓몬,FALSE,FALSE,FALSE,FALSE,FALSE,FALSE,FALSE,1,드래곤,,4,16.5,2,탈피,,이상한비늘,420,61,84,65,70,70,70,1,2,수중 1,드래곤,뱀형,파랑,
149,dragonite,망나뇽,1,일반,드래곤포켓몬,FALSE,FALSE,FALSE,FALSE,FALSE,FALSE,FALSE,2,드래곤,비행,2.2,210,2,정신력,,멀티스케일,600,91,134,95,100,100,80,1,2,수중 1,드래곤,이족꼬리형,갈색,
149,dragonite-mega,메가망나뇽,1,일반,드래곤포켓몬,FALSE,FALSE,FALSE,FALSE,TRUE,FALSE,FALSE,2,드래곤,비행,5.5,290,2,멀티스케일,,,700,91,124,115,145,125,100,1,2,수중 1,드래곤,이족꼬리형,갈색,https://data1.pokemonkorea.co.kr/newdata/pokedex/full/014902.png
150,mewtwo,뮤츠,1,전설,유전포켓몬,FALSE,FALSE,FALSE,FALSE,FALSE,FALSE,FALSE,1,에스퍼,,2,122,2,프레셔,,긴장감,680,106,110,90,154,90,130,1,1,알미발견,,이족꼬리형,보라,
150,mewtwo-mega-x,메가뮤츠X,1,전설,유전포켓몬,FALSE,FALSE,FALSE,FALSE,TRUE,FALSE,FALSE,2,에스퍼,격투,2.3,127,1,불굴의마음,,,780,106,190,100,154,100,130,1,1,알미발견,,이족꼬리형,보라,
150,mewtwo-mega-y,메가뮤츠Y,1,전설,유전포켓몬,FALSE,FALSE,FALSE,FALSE,TRUE,FALSE,FALSE,1,에스퍼,,1.5,33,1,불면,,,780,106,150,70,194,120,140,1,1,알미발견,,이족꼬리형,보라,
151,mew,뮤,1,환상,신종포켓몬,FALSE,FALSE,FALSE,FALSE,FALSE,FALSE,FALSE,1,에스퍼,,0.4,4,1,싱크로,,,600,100,100,100,100,100,100,4,1,알미발견,,이족꼬리형,담홍,
152,chikorita,치코리타,2,일반,잎사귀포켓몬,FALSE,FALSE,FALSE,FALSE,FALSE,FALSE,FALSE,1,풀,,0.9,6.4,2,심록,,리프가드,318,45,49,65,49,65,45,4,2,괴수,식물,사족형,초록,
153,bayleef,베이리프,2,일반,잎사귀포켓몬,FALSE,FALSE,FALSE,FALSE,FALSE,FALSE,FALSE,1,풀,,1.2,15.8,2,심록,,리프가드,405,60,62,80,63,80,60,4,2,괴수,식물,사족형,초록,
154,meganium,메가니움,2,일반,허브포켓몬,FALSE,FALSE,FALSE,FALSE,FALSE,FALSE,FALSE,1,풀,,1.8,100.5,2,심록,,리프가드,525,80,82,100,83,100,80,4,2,괴수,식물,사족형,초록,
154,meganium-mega,메가메가니움,2,일반,허브포켓몬,FALSE,FALSE,FALSE,FALSE,TRUE,FALSE,FALSE,2,풀,페어리,2.4,201,2,메가솔라,,,625,80,92,115,143,115,80,4,2,괴수,식물,사족형,초록,https://data1.pokemonkorea.co.kr/newdata/pokedex/full/015402.png
155,cyndaquil,브케인,2,일반,불쥐포켓몬,FALSE,FALSE,FALSE,FALSE,FALSE,FALSE,FALSE,1,불꽃,,0.5,7.9,2,맹화,,타오르는불꽃,309,39,52,43,60,50,65,4,1,육상,,인간형,노랑,
156,quilava,마그케인,2,일반,화산포켓몬,FALSE,FALSE,FALSE,FALSE,FALSE,FALSE,FALSE,1,불꽃,,0.9,19,2,맹화,,타오르는불꽃,405,58,64,58,80,65,80,4,1,육상,,사족형,노랑,
157,typhlosion,블레이범,2,일반,화산포켓몬,FALSE,FALSE,FALSE,FALSE,FALSE,FALSE,FALSE,1,불꽃,,1.7,79.5,2,맹화,,타오르는불꽃,534,78,84,78,109,85,100,4,1,육상,,사족형,노랑,
157,typhlosion-hisuian,히스이블레이범,2,일반,화산포켓몬,FALSE,TRUE,FALSE,FALSE,FALSE,FALSE,FALSE,2,불꽃,고스트,1.6,69.8,2,맹화,,통찰,534,73,84,78,119,85,95,4,1,육상,,사족형,노랑,
158,totodile,리아코,2,일반,큰턱포켓몬,FALSE,FALSE,FALSE,FALSE,FALSE,FALSE,FALSE,1,물,,0.6,9.5,2,급류,,우격다짐,314,50,65,64,44,48,43,4,2,괴수,수중 1,이족꼬리형,파랑,
159,croconaw,엘리게이,2,일반,큰턱포켓몬,FALSE,FALSE,FALSE,FALSE,FALSE,FALSE,FALSE,1,물,,1.1,25,2,급류,,우격다짐,405,65,80,80,59,63,58,4,2,괴수,수중 1,이족꼬리형,파랑,
160,feraligatr,장크로다일,2,일반,큰턱포켓몬,FALSE,FALSE,FALSE,FALSE,FALSE,FALSE,FALSE,1,물,,2.3,88.8,2,급류,,우격다짐,530,85,105,100,79,83,78,4,2,괴수,수중 1,이족꼬리형,파랑,
160,feraligatr-mega,메가장크로다일,2,일반,큰턱포켓몬,FALSE,FALSE,FALSE,FALSE,TRUE,FALSE,FALSE,2,물,드래곤,2.3,108.8,2,드래곤스킨,,,630,85,160,125,89,93,78,4,2,괴수,수중 1,이족꼬리형,파랑,https://data1.pokemonkorea.co.kr/newdata/pokedex/full/016002.png
161,sentret,꼬리선,2,일반,망보기포켓몬,FALSE,FALSE,FALSE,FALSE,FALSE,FALSE,FALSE,1,노말,,0.8,6,3,도주,날카로운눈,통찰,215,35,46,34,35,45,20,2,1,육상,,사족형,갈색,
162,furret,다꼬리,2,일반,긴몸통포켓몬,FALSE,FALSE,FALSE,FALSE,FALSE,FALSE,FALSE,1,노말,,1.8,32.5,3,도주,날카로운눈,통찰,415,85,76,64,45,55,90,2,1,육상,,사족형,갈색,
163,hoothoot,부우부,2,일반,부엉이포켓몬,FALSE,FALSE,FALSE,FALSE,FALSE,FALSE,FALSE,2,노말,비행,0.7,21.2,3,불면,날카로운눈,색안경,262,60,30,30,36,56,50,2,1,비행,,단익형,갈색,
164,noctowl,야부엉,2,일반,부엉이포켓몬,FALSE,FALSE,FALSE,FALSE,FALSE,FALSE,FALSE,2,노말,비행,1.6,40.8,3,불면,날카로운눈,색안경,452,100,50,50,86,96,70,2,1,비행,,단익형,갈색,
165,ledyba,레디바,2,일반,별다섯포켓몬,FALSE,FALSE,FALSE,FALSE,FALSE,FALSE,FALSE,2,벌레,비행,1,10.8,3,벌레의알림,일찍기상,주눅,265,40,20,30,40,80,55,3,1,벌레,,단익형,빨강,
166,ledian,레디안,2,일반,별다섯포켓몬,FALSE,FALSE,FALSE,FALSE,FALSE,FALSE,FALSE,2,벌레,비행,1.4,35.6,3,벌레의알림,일찍기상,철주먹,390,55,35,50,55,110,85,3,1,벌레,,단익형,빨강,
167,spinarak,페이검,2,일반,실뿜기포켓몬,FALSE,FALSE,FALSE,FALSE,FALSE,FALSE,FALSE,2,벌레,독,0.5,8.5,3,벌레의알림,불면,스나이퍼,250,40,60,40,40,40,30,3,1,벌레,,곤충형,초록,
168,ariados,아리아도스,2,일반,롱다리포켓몬,FALSE,FALSE,FALSE,FALSE,FALSE,FALSE,FALSE,2,벌레,독,1.1,33.5,3,벌레의알림,불면,스나이퍼,400,70,90,70,60,70,40,3,1,벌레,,곤충형,빨강,
169,crobat,크로뱃,2,일반,박쥐포켓몬,FALSE,FALSE,FALSE,FALSE,FALSE,FALSE,FALSE,2,독,비행,1.8,75,2,정신력,,틈새포착,535,85,90,80,70,80,130,2,1,비행,,다익형,보라,
170,chinchou,초라기,2,일반,아귀포켓몬,FALSE,FALSE,FALSE,FALSE,FALSE,FALSE,FALSE,2,물,전기,0.5,12,3,축전,발광,저수,330,75,38,38,56,56,67,1,1,수중 2,,물고기형,파랑,
171,lanturn,랜턴,2,일반,라이트포켓몬,FALSE,FALSE,FALSE,FALSE,FALSE,FALSE,FALSE,2,물,전기,1.2,22.5,3,축전,발광,저수,460,125,58,58,76,76,67,1,1,수중 2,,물고기형,파랑,
172,pichu,피츄,2,일반,아기쥐포켓몬,FALSE,FALSE,FALSE,FALSE,FALSE,FALSE,TRUE,1,전기,,0.3,2,2,정전기,,피뢰침,205,20,40,15,35,35,60,2,1,알미발견,,사족형,노랑,
173,cleffa,삐,2,일반,별포켓몬,FALSE,FALSE,FALSE,FALSE,FALSE,FALSE,FALSE,1,페어리,,0.3,3,3,헤롱헤롱바디,매직가드,프렌드가드,218,50,25,28,45,55,15,3,1,알미발견,,이족꼬리형,담홍,
174,igglybuff,푸푸린,2,일반,풍선포켓몬,FALSE,FALSE,FALSE,FALSE,FALSE,FALSE,FALSE,2,노말,페어리,0.3,1,3,헤롱헤롱바디,승기,프렌드가드,210,90,30,15,40,20,15,3,1,알미발견,,인간형,담홍,
175,togepi,토게피,2,일반,바늘알포켓몬,FALSE,FALSE,FALSE,FALSE,FALSE,FALSE,FALSE,1,페어리,,0.3,1.5,3,의욕,하늘의은총,대운,245,35,20,65,40,65,20,3,1,알미발견,,인간형,하양,
176,togetic,토게틱,2,일반,행복포켓몬,FALSE,FALSE,FALSE,FALSE,FALSE,FALSE,FALSE,2,페어리,비행,0.6,3.2,3,의욕,하늘의은총,대운,405,55,40,85,80,105,40,3,2,비행,요정,인간형,하양,
177,natu,네이티,2,일반,아기새포켓몬,FALSE,FALSE,FALSE,FALSE,FALSE,FALSE,FALSE,2,에스퍼,비행,0.2,2,3,싱크로,일찍기상,매직미러,320,40,50,45,70,45,70,2,1,비행,,단익형,초록,
178,xatu,네이티오,2,일반,정령포켓몬,FALSE,FALSE,FALSE,FALSE,FALSE,FALSE,FALSE,2,에스퍼,비행,1.5,15,3,싱크로,일찍기상,매직미러,470,65,75,70,95,70,95,2,1,비행,,단익형,초록,
179,mareep,메리프,2,일반,솜털포켓몬,FALSE,FALSE,FALSE,FALSE,FALSE,FALSE,FALSE,1,전기,,0.6,7.8,2,정전기,,플러스,280,55,40,40,65,45,35,4,2,괴수,육상,사족형,하양,
180,flaaffy,보송송,2,일반,솜털포켓몬,FALSE,FALSE,FALSE,FALSE,FALSE,FALSE,FALSE,1,전기,,0.8,13.3,2,정전기,,플러스,365,70,55,55,80,60,45,4,2,괴수,육상,이족꼬리형,담홍,
181,ampharos,전룡,2,일반,라이트포켓몬,FALSE,FALSE,FALSE,FALSE,FALSE,FALSE,FALSE,1,전기,,1.4,61.5,2,정전기,,플러스,510,90,75,85,115,90,55,4,2,괴수,육상,이족꼬리형,노랑,
181,ampharos-mega,메가전룡,2,일반,라이트포켓몬,FALSE,FALSE,FALSE,FALSE,TRUE,FALSE,FALSE,2,전기,드래곤,1.4,61.5,1,틀깨기,,,610,90,95,105,165,110,45,4,2,괴수,육상,이족꼬리형,노랑,
182,bellossom,아르코,2,일반,꽃포켓몬,FALSE,FALSE,FALSE,FALSE,FALSE,FALSE,FALSE,1,풀,,0.4,5.8,2,엽록소,,치유의마음,490,75,80,95,90,100,50,4,1,식물,,인간형,초록,
183,marill,마릴,2,일반,물쥐포켓몬,FALSE,FALSE,FALSE,FALSE,FALSE,FALSE,FALSE,2,물,페어리,0.4,8.5,3,두꺼운지방,천하장사,초식,250,70,20,50,20,50,40,3,2,수중 1,요정,이족꼬리형,파랑,
184,azumarill,마릴리,2,일반,물토끼포켓몬,FALSE,FALSE,FALSE,FALSE,FALSE,FALSE,FALSE,2,물,페어리,0.8,28.5,3,두꺼운지방,천하장사,초식,420,100,50,80,60,80,50,3,2,수중 1,요정,이족꼬리형,파랑,
185,sudowoodo,꼬지모,2,일반,흉내포켓몬,FALSE,FALSE,FALSE,FALSE,FALSE,FALSE,FALSE,1,바위,,1.2,38,3,옹골참,돌머리,주눅,410,70,100,115,30,65,30,2,1,광물,,인간형,갈색,
186,politoed,왕구리,2,일반,개구리포켓몬,FALSE,FALSE,FALSE,FALSE,FALSE,FALSE,FALSE,1,물,,1.1,33.9,3,저수,습기,잔비,500,90,75,75,90,100,70,4,1,수중 1,,인간형,초록,
187,hoppip,통통코,2,일반,솜풀포켓몬,FALSE,FALSE,FALSE,FALSE,FALSE,FALSE,FALSE,2,풀,비행,0.4,0.5,3,엽록소,리프가드,틈새포착,250,35,35,40,35,55,50,4,2,요정,식물,이족꼬리형,담홍,
188,skiploom,두코,2,일반,솜풀포켓몬,FALSE,FALSE,FALSE,FALSE,FALSE,FALSE,FALSE,2,풀,비행,0.6,1,3,엽록소,리프가드,틈새포착,340,55,45,50,45,65,80,4,2,요정,식물,이족꼬리형,초록,
189,jumpluff,솜솜코,2,일반,솜풀포켓몬,FALSE,FALSE,FALSE,FALSE,FALSE,FALSE,FALSE,2,풀,비행,0.8,3,3,엽록소,리프가드,틈새포착,460,75,55,70,55,95,110,4,2,요정,식물,이족꼬리형,파랑,
190,aipom,에이팜,2,일반,긴꼬리포켓몬,FALSE,FALSE,FALSE,FALSE,FALSE,FALSE,FALSE,1,노말,,0.8,11.5,3,도주,픽업,스킬링크,360,55,70,55,40,55,85,3,1,육상,,이족꼬리형,보라,
191,sunkern,해너츠,2,일반,씨앗포켓몬,FALSE,FALSE,FALSE,FALSE,FALSE,FALSE,FALSE,1,풀,,0.3,1.8,3,엽록소,선파워,일찍기상,180,30,30,30,30,30,30,4,1,식물,,머리형,노랑,
192,sunflora,해루미,2,일반,태양포켓몬,FALSE,FALSE,FALSE,FALSE,FALSE,FALSE,FALSE,1,풀,,0.8,8.5,3,엽록소,선파워,일찍기상,425,75,75,55,105,85,30,4,1,식물,,인간형,노랑,
193,yanma,왕자리,2,일반,얇은날개포켓몬,FALSE,FALSE,FALSE,FALSE,FALSE,FALSE,FALSE,2,벌레,비행,1.2,38,3,가속,복안,통찰,390,65,65,45,75,45,95,2,1,벌레,,다익형,빨강,
194,wooper,우파,2,일반,수어포켓몬,FALSE,FALSE,FALSE,FALSE,FALSE,FALSE,FALSE,2,물,땅,0.4,8.5,3,습기,저수,천진,210,55,45,45,25,25,15,2,2,수중 1,육상,다리형,파랑,
194,wooper-paldean,팔데아우파,2,일반,수어포켓몬,TRUE,FALSE,FALSE,FALSE,FALSE,FALSE,FALSE,2,독,땅,0.4,11,3,독가시,저수,천진,210,55,45,45,25,25,15,2,2,수중 1,육상,다리형,갈색,
195,quagsire,누오,2,일반,수어포켓몬,FALSE,FALSE,FALSE,FALSE,FALSE,FALSE,FALSE,2,물,땅,1.4,75,3,습기,저수,천진,430,95,85,85,65,65,35,2,2,수중 1,육상,이족꼬리형,파랑,
196,espeon,에브이,2,일반,태양포켓몬,FALSE,FALSE,FALSE,FALSE,FALSE,FALSE,FALSE,1,에스퍼,,0.9,26.5,2,싱크로,,매직미러,525,65,65,60,130,95,110,2,1,육상,,사족형,보라,
197,umbreon,블래키,2,일반,달빛포켓몬,FALSE,FALSE,FALSE,FALSE,FALSE,FALSE,FALSE,1,악,,1,27,2,싱크로,,정신력,525,95,65,110,60,130,65,2,1,육상,,사족형,검정,
198,murkrow,니로우,2,일반,어둠포켓몬,FALSE,FALSE,FALSE,FALSE,FALSE,FALSE,FALSE,2,악,비행,0.5,2.1,3,불면,대운,짓궂은마음,405,60,85,42,85,42,91,4,1,비행,,단익형,검정,
199,slowking,야도킹,2,일반,임금포켓몬,FALSE,FALSE,FALSE,FALSE,FALSE,FALSE,FALSE,2,물,에스퍼,2,79.5,3,둔감,마이페이스,재생력,490,95,75,80,100,110,30,2,2,괴수,수중 1,이족꼬리형,담홍,
199,slowking-galarian,가라르야도킹,2,일반,임금포켓몬,FALSE,FALSE,TRUE,FALSE,FALSE,FALSE,FALSE,2,독,에스퍼,1.8,79.5,3,기묘한약,마이페이스,재생력,490,95,65,80,110,110,30,2,2,괴수,수중 1,이족꼬리형,담홍,
200,misdreavus,무우마,2,일반,야명포켓몬,FALSE,FALSE,FALSE,FALSE,FALSE,FALSE,FALSE,1,고스트,,0.7,1,1,부유,,,435,60,60,60,85,85,85,3,1,부정형,,머리형,회색,
201,unown,안농,2,일반,심볼포켓몬,FALSE,FALSE,FALSE,FALSE,FALSE,FALSE,TRUE,1,에스퍼,,0.5,5,1,부유,,,336,48,72,48,72,48,48,2,1,알미발견,,머리형,검정,
202,wobbuffet,마자용,2,일반,참기포켓몬,FALSE,FALSE,FALSE,FALSE,FALSE,FALSE,FALSE,1,에스퍼,,1.3,28.5,2,그림자밟기,,텔레파시,405,190,33,58,33,58,33,2,1,부정형,,기둥형,파랑,
203,girafarig,키링키,2,일반,긴목포켓몬,FALSE,FALSE,FALSE,FALSE,FALSE,FALSE,FALSE,2,노말,에스퍼,1.5,41.5,3,정신력,일찍기상,초식,455,70,80,65,90,65,85,2,1,육상,,사족형,노랑,
204,pineco,피콘,2,일반,도롱이벌레포켓몬,FALSE,FALSE,FALSE,FALSE,FALSE,FALSE,FALSE,1,벌레,,0.6,7.2,2,옹골참,,방진,290,50,65,90,35,35,15,2,1,벌레,,머리형,회색,
205,forretress,쏘콘,2,일반,도롱이벌레포켓몬,FALSE,FALSE,FALSE,FALSE,FALSE,FALSE,FALSE,2,벌레,강철,1.2,125.8,2,옹골참,,방진,465,75,90,140,60,60,40,2,1,벌레,,머리형,보라,
206,dunsparce,노고치,2,일반,땅뱀포켓몬,FALSE,FALSE,FALSE,FALSE,FALSE,FALSE,FALSE,1,노말,,1.5,14,3,하늘의은총,도주,주눅,415,100,70,70,65,65,45,2,1,육상,,뱀형,노랑,
207,gligar,글라이거,2,일반,날전갈포켓몬,FALSE,FALSE,FALSE,FALSE,FALSE,FALSE,FALSE,2,땅,비행,1.1,64.8,3,괴력집게,모래숨기,면역,430,65,75,105,35,65,85,4,1,벌레,,단익형,보라,
208,steelix,강철톤,2,일반,철뱀포켓몬,FALSE,FALSE,FALSE,FALSE,FALSE,FALSE,FALSE,2,강철,땅,9.2,400,3,돌머리,옹골참,우격다짐,510,75,85,200,55,65,30,2,1,광물,,뱀형,회색,
208,steelix-mega,메가강철톤,2,일반,철뱀포켓몬,FALSE,FALSE,FALSE,FALSE,TRUE,FALSE,FALSE,2,강철,땅,10.5,740,1,모래의힘,,,610,75,125,230,55,95,30,2,1,광물,,뱀형,회색,
209,snubbull,블루,2,일반,요정포켓몬,FALSE,FALSE,FALSE,FALSE,FALSE,FALSE,FALSE,1,페어리,,0.6,7.8,3,위협,도주,주눅,300,60,80,50,40,40,30,3,2,육상,요정,인간형,담홍,
210,granbull,그랑블루,2,일반,요정포켓몬,FALSE,FALSE,FALSE,FALSE,FALSE,FALSE,FALSE,1,페어리,,1.4,48.7,3,위협,속보,주눅,450,90,120,75,60,60,45,3,2,육상,요정,이족꼬리형,보라,
211,qwilfish,침바루,2,일반,풍선포켓몬,FALSE,FALSE,FALSE,FALSE,FALSE,FALSE,FALSE,2,물,독,0.5,3.9,3,독가시,쓱쓱,위협,440,65,95,85,55,55,85,2,1,수중 2,,물고기형,회색,
211,qwilfish-hisuian,히스이침바루,2,일반,풍선포켓몬,FALSE,TRUE,FALSE,FALSE,FALSE,FALSE,FALSE,2,악,독,0.5,3.9,3,독가시,쓱쓱,위협,440,65,95,85,55,55,85,2,1,수중 2,,물고기형,검정,
212,scizor,핫삼,2,일반,집게포켓몬,FALSE,FALSE,FALSE,FALSE,FALSE,FALSE,FALSE,2,벌레,강철,1.8,118,3,벌레의알림,테크니션,라이트메탈,500,70,130,100,55,80,65,2,1,벌레,,다익형,빨강,
212,scizor-mega,메가핫삼,2,일반,집게포켓몬,FALSE,FALSE,FALSE,FALSE,TRUE,FALSE,FALSE,2,벌레,강철,2,125,1,테크니션,,,600,70,150,140,65,100,75,2,1,벌레,,다익형,빨강,
213,shuckle,단단지,2,일반,발효포켓몬,FALSE,FALSE,FALSE,FALSE,FALSE,FALSE,FALSE,2,벌레,바위,0.6,20.5,3,옹골참,먹보,심술꾸러기,505,20,10,230,10,230,5,4,1,벌레,,곤충형,노랑,
214,heracross,헤라크로스,2,일반,외뿔포켓몬,FALSE,FALSE,FALSE,FALSE,FALSE,FALSE,FALSE,2,벌레,격투,1.5,54,3,벌레의알림,근성,자기과신,500,80,125,75,40,95,85,1,1,벌레,,인간형,파랑,
214,heracross-mega,메가헤라크로스,2,일반,외뿔포켓몬,FALSE,FALSE,FALSE,FALSE,TRUE,FALSE,FALSE,2,벌레,격투,1.7,62.5,1,스킬링크,,,600,80,185,115,40,105,75,1,1,벌레,,인간형,파랑,
215,sneasel,포푸니,2,일반,갈고리손톱포켓몬,FALSE,FALSE,FALSE,FALSE,FALSE,FALSE,FALSE,2,악,얼음,0.9,28,3,정신력,날카로운눈,나쁜손버릇,430,55,95,55,35,75,115,4,1,육상,,이족꼬리형,검정,
215,sneasel-hisuian,히스이포푸니,2,일반,갈고리손톱포켓몬,FALSE,TRUE,FALSE,FALSE,FALSE,FALSE,FALSE,2,격투,독,0.9,27,3,정신력,날카로운눈,나쁜손버릇,430,55,95,55,35,75,115,4,1,육상,,이족꼬리형,회색,
216,teddiursa,깜지곰,2,일반,아기곰포켓몬,FALSE,FALSE,FALSE,FALSE,FALSE,FALSE,FALSE,1,노말,,0.6,8.8,3,픽업,속보,꿀모으기,330,60,80,50,50,50,40,2,1,육상,,이족꼬리형,갈색,
217,ursaring,링곰,2,일반,동면포켓몬,FALSE,FALSE,FALSE,FALSE,FALSE,FALSE,FALSE,1,노말,,1.8,125.8,3,근성,속보,긴장감,500,90,130,75,75,75,55,2,1,육상,,이족꼬리형,갈색,
218,slugma,마그마그,2,일반,용암포켓몬,FALSE,FALSE,FALSE,FALSE,FALSE,FALSE,FALSE,1,불꽃,,0.7,35,3,마그마의무장,불꽃몸,깨어진갑옷,250,40,40,40,70,40,20,2,1,부정형,,뱀형,빨강,
219,magcargo,마그카르고,2,일반,용암포켓몬,FALSE,FALSE,FALSE,FALSE,FALSE,FALSE,FALSE,2,불꽃,바위,0.8,55,3,마그마의무장,불꽃몸,깨어진갑옷,430,60,50,120,90,80,30,2,1,부정형,,뱀형,빨강,
220,swinub,꾸꾸리,2,일반,산돼지포켓몬,FALSE,FALSE,FALSE,FALSE,FALSE,FALSE,FALSE,2,얼음,땅,0.4,6.5,3,둔감,눈숨기,두꺼운지방,250,50,50,40,30,30,50,1,1,육상,,사족형,갈색,
221,piloswine,메꾸리,2,일반,멧돼지포켓몬,FALSE,FALSE,FALSE,FALSE,FALSE,FALSE,FALSE,2,얼음,땅,1.1,55.8,3,둔감,눈숨기,두꺼운지방,450,100,100,80,60,60,50,1,1,육상,,사족형,갈색,
222,corsola,코산호,2,일반,산호포켓몬,FALSE,FALSE,FALSE,FALSE,FALSE,FALSE,FALSE,2,물,바위,0.6,5,3,의욕,자연회복,재생력,410,65,55,95,65,95,35,3,2,수중 1,수중 3,곤충형,담홍,
222,corsola-galarian,가라르코산호,2,일반,산호포켓몬,FALSE,FALSE,TRUE,FALSE,FALSE,FALSE,FALSE,1,고스트,,0.6,0.5,2,깨어진갑옷,,저주받은바디,410,60,55,100,65,100,30,3,2,수중 1,수중 3,곤충형,하양,
223,remoraid,총어,2,일반,분사포켓몬,FALSE,FALSE,FALSE,FALSE,FALSE,FALSE,FALSE,1,물,,0.6,12,3,의욕,스나이퍼,변덕쟁이,300,35,65,35,65,35,65,2,2,수중 1,수중 2,물고기형,회색,
224,octillery,대포무노,2,일반,분사포켓몬,FALSE,FALSE,FALSE,FALSE,FALSE,FALSE,FALSE,1,물,,0.9,28.5,3,흡반,스나이퍼,변덕쟁이,480,75,105,75,105,75,45,2,2,수중 1,수중 2,다족형,빨강,
225,delibird,딜리버드,2,일반,배달포켓몬,FALSE,FALSE,FALSE,FALSE,FALSE,FALSE,FALSE,2,얼음,비행,0.9,16,3,의기양양,의욕,불면,330,45,55,45,65,45,75,3,2,수중 1,육상,단익형,빨강,
226,mantine,만타인,2,일반,연포켓몬,FALSE,FALSE,FALSE,FALSE,FALSE,FALSE,FALSE,2,물,비행,2.1,220,3,쓱쓱,저수,수의베일,485,85,40,70,80,140,70,1,1,수중 1,,단익형,보라,
227,skarmory,무장조,2,일반,갑옷새포켓몬,FALSE,FALSE,FALSE,FALSE,FALSE,FALSE,FALSE,2,강철,비행,1.7,50.5,3,날카로운눈,옹골참,깨어진갑옷,465,65,80,140,40,70,70,1,1,비행,,단익형,회색,
227,skarmory-mega,메가무장조,2,일반,갑옷새포켓몬,FALSE,FALSE,FALSE,FALSE,TRUE,FALSE,FALSE,2,강철,비행,1.7,40.4,3,날카로운눈,옹골참,,565,65,140,110,40,100,110,1,1,비행,,단익형,노랑,https://data1.pokemonkorea.co.kr/newdata/pokedex/full/022702.png
228,houndour,델빌,2,일반,다크포켓몬,FALSE,FALSE,FALSE,FALSE,FALSE,FALSE,FALSE,2,악,불꽃,0.6,10.8,3,일찍기상,타오르는불꽃,긴장감,330,45,60,30,80,50,65,1,1,육상,,사족형,검정,
229,houndoom,헬가,2,일반,다크포켓몬,FALSE,FALSE,FALSE,FALSE,FALSE,FALSE,FALSE,2,악,불꽃,1.4,35,3,일찍기상,타오르는불꽃,긴장감,500,75,90,50,110,80,95,1,1,육상,,사족형,검정,
229,houndoom-mega,메가헬가,2,일반,다크포켓몬,FALSE,FALSE,FALSE,FALSE,TRUE,FALSE,FALSE,2,악,불꽃,1.9,49.5,1,선파워,,,600,75,90,90,140,90,115,1,1,육상,,사족형,검정,
230,kingdra,킹드라,2,일반,드래곤포켓몬,FALSE,FALSE,FALSE,FALSE,FALSE,FALSE,FALSE,2,물,드래곤,1.8,152,3,쓱쓱,스나이퍼,습기,540,75,95,95,95,95,85,2,2,수중 1,드래곤,기둥형,파랑,
231,phanpy,코코리,2,일반,긴코포켓몬,FALSE,FALSE,FALSE,FALSE,FALSE,FALSE,FALSE,1,땅,,0.5,33.5,2,픽업,,모래숨기,330,90,60,60,40,40,40,2,1,육상,,사족형,파랑,
232,donphan,코리갑,2,일반,갑옷포켓몬,FALSE,FALSE,FALSE,FALSE,FALSE,FALSE,FALSE,1,땅,,1.1,120,2,옹골참,,모래숨기,500,90,120,120,60,60,50,2,1,육상,,사족형,회색,
233,porygon2,폴리곤2,2,일반,가상포켓몬,FALSE,FALSE,FALSE,FALSE,FALSE,FALSE,FALSE,1,노말,,0.6,32.5,3,트레이스,다운로드,애널라이즈,515,85,80,90,105,95,60,2,1,광물,,다리형,빨강,
234,stantler,노라키,2,일반,큰뿔포켓몬,FALSE,FALSE,FALSE,FALSE,FALSE,FALSE,FALSE,1,노말,,1.4,71.2,3,위협,통찰,초식,465,73,95,62,85,65,85,1,1,육상,,사족형,갈색,
235,smeargle,루브도,2,일반,그림장이포켓몬,FALSE,FALSE,FALSE,FALSE,FALSE,FALSE,FALSE,1,노말,,1.2,58,3,마이페이스,테크니션,변덕쟁이,250,55,20,35,20,45,75,3,1,육상,,이족꼬리형,하양,
236,tyrogue,배루키,2,일반,싸움포켓몬,FALSE,FALSE,FALSE,FALSE,FALSE,FALSE,FALSE,1,격투,,0.7,21,3,근성,불굴의마음,의기양양,210,35,35,35,35,35,35,2,1,알미발견,,인간형,보라,
237,hitmontop,카포에라,2,일반,물구나무포켓몬,FALSE,FALSE,FALSE,FALSE,FALSE,FALSE,FALSE,1,격투,,1.4,48,3,위협,테크니션,불굴의마음,455,50,95,95,35,110,70,2,1,인간형,,이족꼬리형,갈색,
238,smoochum,뽀뽀라,2,일반,뽀뽀포켓몬,FALSE,FALSE,FALSE,FALSE,FALSE,FALSE,FALSE,2,얼음,에스퍼,0.4,6,3,둔감,예지몽,촉촉바디,305,45,30,15,85,65,65,2,1,알미발견,,인간형,담홍,
239,elekid,에레키드,2,일반,전류포켓몬,FALSE,FALSE,FALSE,FALSE,FALSE,FALSE,FALSE,1,전기,,0.6,23.5,2,정전기,,의기양양,360,45,63,37,65,55,95,2,1,알미발견,,인간형,노랑,
240,magby,마그비,2,일반,불씨포켓몬,FALSE,FALSE,FALSE,FALSE,FALSE,FALSE,FALSE,1,불꽃,,0.7,21.4,2,불꽃몸,,의기양양,365,45,75,37,70,55,83,2,1,알미발견,,이족꼬리형,빨강,
241,miltank,밀탱크,2,일반,젖소포켓몬,FALSE,FALSE,FALSE,FALSE,FALSE,FALSE,FALSE,1,노말,,1.2,75.5,3,두꺼운지방,배짱,초식,490,95,80,105,40,70,100,1,1,육상,,이족꼬리형,담홍,
242,blissey,해피너스,2,일반,행복포켓몬,FALSE,FALSE,FALSE,FALSE,FALSE,FALSE,FALSE,1,노말,,1.5,46.8,3,자연회복,하늘의은총,치유의마음,540,255,10,10,75,135,55,3,1,요정,,인간형,담홍,
243,raikou,라이코,2,준전설,우뢰포켓몬,FALSE,FALSE,FALSE,FALSE,FALSE,FALSE,FALSE,1,전기,,1.9,178,2,프레셔,,정신력,580,90,85,75,115,100,115,1,1,알미발견,,사족형,노랑,
244,entei,앤테이,2,준전설,화산포켓몬,FALSE,FALSE,FALSE,FALSE,FALSE,FALSE,FALSE,1,불꽃,,2.1,198,2,프레셔,,정신력,580,115,115,85,90,75,100,1,1,알미발견,,사족형,갈색,
245,suicune,스이쿤,2,준전설,오로라포켓몬,FALSE,FALSE,FALSE,FALSE,FALSE,FALSE,FALSE,1,물,,2,187,2,프레셔,,정신력,580,100,75,115,90,115,85,1,1,알미발견,,사족형,파랑,
246,larvitar,애버라스,2,일반,바위표면포켓몬,FALSE,FALSE,FALSE,FALSE,FALSE,FALSE,FALSE,2,바위,땅,0.6,72,2,근성,,모래숨기,300,50,64,50,45,50,41,1,1,괴수,,이족꼬리형,초록,
247,pupitar,데기라스,2,일반,탄환포켓몬,FALSE,FALSE,FALSE,FALSE,FALSE,FALSE,FALSE,2,바위,땅,1.2,152,1,탈피,,,410,70,84,70,65,70,51,1,1,괴수,,뱀형,회색,
248,tyranitar,마기라스,2,일반,갑옷포켓몬,FALSE,FALSE,FALSE,FALSE,FALSE,FALSE,FALSE,2,바위,악,2,202,2,모래날림,,긴장감,600,100,134,110,95,100,61,1,1,괴수,,이족꼬리형,초록,
248,tyranitar-mega,메가마기라스,2,일반,갑옷포켓몬,FALSE,FALSE,FALSE,FALSE,TRUE,FALSE,FALSE,2,바위,악,2.5,255,1,모래날림,,,700,100,164,150,95,120,71,1,1,괴수,,이족꼬리형,초록,
249,lugia,루기아,2,전설,잠수포켓몬,FALSE,FALSE,FALSE,FALSE,FALSE,FALSE,FALSE,2,에스퍼,비행,5.2,216,2,프레셔,,멀티스케일,680,106,90,130,90,154,110,1,1,알미발견,,단익형,하양,
250,ho-oh,칠색조,2,전설,무지개색포켓몬,FALSE,FALSE,FALSE,FALSE,FALSE,FALSE,FALSE,2,불꽃,비행,3.8,199,2,프레셔,,재생력,680,106,130,90,110,154,90,1,1,알미발견,,단익형,빨강,
251,celebi,세레비,2,환상,시간이동포켓몬,FALSE,FALSE,FALSE,FALSE,FALSE,FALSE,FALSE,2,에스퍼,풀,0.6,5,1,자연회복,,,600,100,100,100,100,100,100,4,1,알미발견,,인간형,초록,
252,treecko,나무지기,3,일반,숲도마뱀포켓몬,FALSE,FALSE,FALSE,FALSE,FALSE,FALSE,FALSE,1,풀,,0.5,5,2,심록,,곡예,310,40,45,35,65,55,70,4,2,괴수,드래곤,이족꼬리형,초록,
253,grovyle,나무돌이,3,일반,숲도마뱀포켓몬,FALSE,FALSE,FALSE,FALSE,FALSE,FALSE,FALSE,1,풀,,0.9,21.6,2,심록,,곡예,405,50,65,45,85,65,95,4,2,괴수,드래곤,이족꼬리형,초록,
254,sceptile,나무킹,3,일반,밀림포켓몬,FALSE,FALSE,FALSE,FALSE,FALSE,FALSE,FALSE,1,풀,,1.7,52.2,2,심록,,곡예,530,70,85,65,105,85,120,4,2,괴수,드래곤,이족꼬리형,초록,
254,sceptile-mega,메가나무킹,3,일반,밀림포켓몬,FALSE,FALSE,FALSE,FALSE,TRUE,FALSE,FALSE,2,풀,드래곤,1.9,55.2,1,피뢰침,,,630,70,110,75,145,85,145,4,2,괴수,드래곤,이족꼬리형,초록,
255,torchic,아차모,3,일반,풋내기포켓몬,FALSE,FALSE,FALSE,FALSE,FALSE,FALSE,FALSE,1,불꽃,,0.4,2.5,2,맹화,,가속,310,45,60,40,70,50,45,4,1,육상,,다리형,빨강,
256,combusken,영치코,3,일반,꼬마닭포켓몬,FALSE,FALSE,FALSE,FALSE,FALSE,FALSE,FALSE,2,불꽃,격투,0.9,19.5,2,맹화,,가속,405,60,85,60,85,60,55,4,1,육상,,이족꼬리형,빨강,
257,blaziken,번치코,3,일반,맹화포켓몬,FALSE,FALSE,FALSE,FALSE,FALSE,FALSE,FALSE,2,불꽃,격투,1.9,52,2,맹화,,가속,530,80,120,70,110,70,80,4,1,육상,,이족꼬리형,빨강,
257,blaziken-mega,메가번치코,3,일반,맹화포켓몬,FALSE,FALSE,FALSE,FALSE,TRUE,FALSE,FALSE,2,불꽃,격투,1.9,52,1,가속,,,630,80,160,80,130,80,100,4,1,육상,,이족꼬리형,빨강,
258,mudkip,물짱이,3,일반,늪물고기포켓몬,FALSE,FALSE,FALSE,FALSE,FALSE,FALSE,FALSE,1,물,,0.4,7.6,2,급류,,습기,310,50,70,50,50,50,40,4,2,괴수,수중 1,사족형,파랑,
259,marshtomp,늪짱이,3,일반,늪물고기포켓몬,FALSE,FALSE,FALSE,FALSE,FALSE,FALSE,FALSE,2,물,땅,0.7,28,2,급류,,습기,405,70,85,70,60,70,50,4,2,괴수,수중 1,이족꼬리형,파랑,
260,swampert,대짱이,3,일반,늪물고기포켓몬,FALSE,FALSE,FALSE,FALSE,FALSE,FALSE,FALSE,2,물,땅,1.5,81.9,2,급류,,습기,535,100,110,90,85,90,60,4,2,괴수,수중 1,이족꼬리형,파랑,
260,swampert-mega,메가대짱이,3,일반,늪물고기포켓몬,FALSE,FALSE,FALSE,FALSE,TRUE,FALSE,FALSE,2,물,땅,1.9,102,1,쓱쓱,,,635,100,150,110,95,110,70,4,2,괴수,수중 1,이족꼬리형,파랑,
261,poochyena,포챠나,3,일반,물어뜯기포켓몬,FALSE,FALSE,FALSE,FALSE,FALSE,FALSE,FALSE,1,악,,0.5,13.6,3,도주,속보,주눅,220,35,55,35,30,30,35,2,1,육상,,사족형,회색,
262,mightyena,그라에나,3,일반,물어뜯기포켓몬,FALSE,FALSE,FALSE,FALSE,FALSE,FALSE,FALSE,1,악,,1,37,3,위협,속보,자기과신,420,70,90,70,60,60,70,2,1,육상,,사족형,회색,
263,zigzagoon,지그제구리,3,일반,앙증너구리포켓몬,FALSE,FALSE,FALSE,FALSE,FALSE,FALSE,FALSE,1,노말,,0.4,17.5,3,픽업,먹보,속보,240,38,30,41,30,41,60,2,1,육상,,사족형,갈색,
263,zigzagoon-galarian,가라르지그제구리,3,일반,앙증너구리포켓몬,FALSE,FALSE,TRUE,FALSE,FALSE,FALSE,FALSE,2,악,노말,0.4,17.5,3,픽업,먹보,속보,240,38,30,41,30,41,60,2,1,육상,,사족형,하양,
264,linoone,직구리,3,일반,돌진포켓몬,FALSE,FALSE,FALSE,FALSE,FALSE,FALSE,FALSE,1,노말,,0.5,32.5,3,픽업,먹보,속보,420,78,70,61,50,61,100,2,1,육상,,사족형,하양,
264,linoone-galarian,가라르직구리,3,일반,돌진포켓몬,FALSE,FALSE,TRUE,FALSE,FALSE,FALSE,FALSE,2,악,노말,0.5,32.5,3,픽업,먹보,속보,420,78,70,61,50,61,100,2,1,육상,,사족형,하양,
265,wurmple,개무소,3,일반,애벌레포켓몬,FALSE,FALSE,FALSE,FALSE,FALSE,FALSE,FALSE,1,벌레,,0.3,3.6,2,인분,,도주,195,45,45,35,20,30,20,2,1,벌레,,곤충형,빨강,
266,silcoon,실쿤,3,일반,번데기포켓몬,FALSE,FALSE,FALSE,FALSE,FALSE,FALSE,FALSE,1,벌레,,0.6,10,1,탈피,,,205,50,35,55,25,25,15,2,1,벌레,,머리형,하양,
267,beautifly,뷰티플라이,3,일반,나비포켓몬,FALSE,FALSE,FALSE,FALSE,FALSE,FALSE,FALSE,2,벌레,비행,1,28.4,2,벌레의알림,,투쟁심,395,60,70,50,100,50,65,2,1,벌레,,다익형,노랑,
268,cascoon,카스쿤,3,일반,번데기포켓몬,FALSE,FALSE,FALSE,FALSE,FALSE,FALSE,FALSE,1,벌레,,0.7,11.5,1,탈피,,,205,50,35,55,25,25,15,2,1,벌레,,머리형,보라,
269,dustox,독케일,3,일반,독나방포켓몬,FALSE,FALSE,FALSE,FALSE,FALSE,FALSE,FALSE,2,벌레,독,1.2,31.6,2,인분,,복안,385,60,50,70,50,90,65,2,1,벌레,,다익형,초록,
270,lotad,연꽃몬,3,일반,개구리밥포켓몬,FALSE,FALSE,FALSE,FALSE,FALSE,FALSE,FALSE,2,물,풀,0.5,2.6,3,쓱쓱,젖은접시,마이페이스,220,40,30,30,40,50,30,4,2,수중 1,식물,곤충형,초록,
271,lombre,로토스,3,일반,명랑함포켓몬,FALSE,FALSE,FALSE,FALSE,FALSE,FALSE,FALSE,2,물,풀,1.2,32.5,3,쓱쓱,젖은접시,마이페이스,340,60,50,50,60,70,50,4,2,수중 1,식물,인간형,초록,
272,ludicolo,로파파,3,일반,행복하기포켓몬,FALSE,FALSE,FALSE,FALSE,FALSE,FALSE,FALSE,2,물,풀,1.5,55,3,쓱쓱,젖은접시,마이페이스,480,80,70,70,90,100,70,4,2,수중 1,식물,인간형,초록,
273,seedot,도토링,3,일반,도토리포켓몬,FALSE,FALSE,FALSE,FALSE,FALSE,FALSE,FALSE,1,풀,,0.5,4,3,엽록소,일찍기상,나쁜손버릇,220,40,40,50,30,30,30,4,2,육상,식물,다리형,갈색,
274,nuzleaf,잎새코,3,일반,꾀부리기포켓몬,FALSE,FALSE,FALSE,FALSE,FALSE,FALSE,FALSE,2,풀,악,1,28,3,엽록소,일찍기상,나쁜손버릇,340,70,70,40,60,40,60,4,2,육상,식물,인간형,갈색,
275,shiftry,다탱구,3,일반,부정하기포켓몬,FALSE,FALSE,FALSE,FALSE,FALSE,FALSE,FALSE,2,풀,악,1.3,59.6,3,엽록소,바람타기,나쁜손버릇,480,90,100,60,90,60,80,4,2,육상,식물,인간형,갈색,
276,taillow,테일로,3,일반,아기제비포켓몬,FALSE,FALSE,FALSE,FALSE,FALSE,FALSE,FALSE,2,노말,비행,0.3,2.3,2,근성,,배짱,270,40,55,30,30,30,85,4,1,비행,,단익형,파랑,
277,swellow,스왈로,3,일반,제비포켓몬,FALSE,FALSE,FALSE,FALSE,FALSE,FALSE,FALSE,2,노말,비행,0.7,19.8,2,근성,,배짱,455,60,85,60,75,50,125,4,1,비행,,단익형,파랑,
278,wingull,갈모매,3,일반,괭이갈매기포켓몬,FALSE,FALSE,FALSE,FALSE,FALSE,FALSE,FALSE,2,물,비행,0.6,9.5,3,날카로운눈,촉촉바디,젖은접시,270,40,30,30,55,30,85,2,2,수중 1,비행,단익형,하양,
279,pelipper,패리퍼,3,일반,물새포켓몬,FALSE,FALSE,FALSE,FALSE,FALSE,FALSE,FALSE,2,물,비행,1.2,28,3,날카로운눈,잔비,젖은접시,440,60,50,100,95,70,65,2,2,수중 1,비행,단익형,노랑,
280,ralts,랄토스,3,일반,느낌포켓몬,FALSE,FALSE,FALSE,FALSE,FALSE,FALSE,FALSE,2,에스퍼,페어리,0.4,6.6,3,싱크로,트레이스,텔레파시,198,28,25,25,45,35,40,1,2,인간형,부정형,인간형,하양,
281,kirlia,킬리아,3,일반,감정포켓몬,FALSE,FALSE,FALSE,FALSE,FALSE,FALSE,FALSE,2,에스퍼,페어리,0.8,20.2,3,싱크로,트레이스,텔레파시,278,38,35,35,65,55,50,1,2,인간형,부정형,인간형,하양,
282,gardevoir,가디안,3,일반,포용포켓몬,FALSE,FALSE,FALSE,FALSE,FALSE,FALSE,FALSE,2,에스퍼,페어리,1.6,48.4,3,싱크로,트레이스,텔레파시,518,68,65,65,125,115,80,1,2,인간형,부정형,인간형,하양,
282,gardevoir-mega,메가가디안,3,일반,포용포켓몬,FALSE,FALSE,FALSE,FALSE,TRUE,FALSE,FALSE,2,에스퍼,페어리,1.6,48.4,1,페어리스킨,,,618,68,85,65,165,135,100,1,2,인간형,부정형,인간형,하양,
283,surskit,비구술,3,일반,소금쟁이포켓몬,FALSE,FALSE,FALSE,FALSE,FALSE,FALSE,FALSE,2,벌레,물,0.5,1.7,2,쓱쓱,,젖은접시,269,40,30,32,50,52,65,2,2,수중 1,벌레,곤충형,파랑,
284,masquerain,비나방,3,일반,안구포켓몬,FALSE,FALSE,FALSE,FALSE,FALSE,FALSE,FALSE,2,벌레,비행,0.8,3.6,2,위협,,긴장감,454,70,60,62,100,82,80,2,2,수중 1,벌레,다익형,파랑,
285,shroomish,버섯꼬,3,일반,버섯포켓몬,FALSE,FALSE,FALSE,FALSE,FALSE,FALSE,FALSE,1,풀,,0.4,4.5,3,포자,포이즌힐,속보,295,60,40,60,40,60,35,6,2,요정,식물,다리형,갈색,
286,breloom,버섯모,3,일반,버섯포켓몬,FALSE,FALSE,FALSE,FALSE,FALSE,FALSE,FALSE,2,풀,격투,1.2,39.2,3,포자,포이즌힐,테크니션,460,60,130,80,60,60,70,6,2,요정,식물,이족꼬리형,초록,
287,slakoth,게을로,3,일반,게으름뱅이포켓몬,FALSE,FALSE,FALSE,FALSE,FALSE,FALSE,FALSE,1,노말,,0.8,24,1,게으름,,,280,60,60,60,35,35,30,1,1,육상,,사족형,갈색,
288,vigoroth,발바로,3,일반,성난원숭이포켓몬,FALSE,FALSE,FALSE,FALSE,FALSE,FALSE,FALSE,1,노말,,1.4,46.5,1,의기양양,,,440,80,80,80,55,55,90,1,1,육상,,이족꼬리형,하양,
289,slaking,게을킹,3,일반,나태함포켓몬,FALSE,FALSE,FALSE,FALSE,FALSE,FALSE,FALSE,1,노말,,2,130.5,1,게으름,,,670,150,160,100,95,65,100,1,1,육상,,인간형,갈색,
290,nincada,토중몬,3,일반,신참포켓몬,FALSE,FALSE,FALSE,FALSE,FALSE,FALSE,FALSE,2,벌레,땅,0.5,5.5,2,복안,,도주,266,31,45,90,30,30,40,5,1,벌레,,곤충형,회색,
291,ninjask,아이스크,3,일반,시노비포켓몬,FALSE,FALSE,FALSE,FALSE,FALSE,FALSE,FALSE,2,벌레,비행,0.8,12,2,가속,,틈새포착,456,61,90,45,50,50,160,5,1,벌레,,다익형,노랑,
292,shedinja,껍질몬,3,일반,허물포켓몬,FALSE,FALSE,FALSE,FALSE,FALSE,FALSE,FALSE,2,벌레,고스트,0.8,1.2,1,불가사의부적,,,236,1,90,45,30,30,40,5,1,광물,,기둥형,갈색,
293,whismur,소곤룡,3,일반,속삭임포켓몬,FALSE,FALSE,FALSE,FALSE,FALSE,FALSE,FALSE,1,노말,,0.6,16.3,2,방음,,주눅,240,64,51,23,51,23,28,4,2,괴수,육상,이족꼬리형,담홍,
294,loudred,노공룡,3,일반,큰목소리포켓몬,FALSE,FALSE,FALSE,FALSE,FALSE,FALSE,FALSE,1,노말,,1,40.5,2,방음,,배짱,360,84,71,43,71,43,48,4,2,괴수,육상,이족꼬리형,파랑,
295,exploud,폭음룡,3,일반,소음포켓몬,FALSE,FALSE,FALSE,FALSE,FALSE,FALSE,FALSE,1,노말,,1.5,84,2,방음,,배짱,490,104,91,63,91,73,68,4,2,괴수,육상,이족꼬리형,파랑,
296,makuhita,마크탕,3,일반,근성포켓몬,FALSE,FALSE,FALSE,FALSE,FALSE,FALSE,FALSE,1,격투,,1,86.4,3,두꺼운지방,근성,우격다짐,237,72,60,30,20,30,25,6,1,인간형,,인간형,노랑,
297,hariyama,하리뭉,3,일반,손바닥치기포켓몬,FALSE,FALSE,FALSE,FALSE,FALSE,FALSE,FALSE,1,격투,,2.3,253.8,3,두꺼운지방,근성,우격다짐,474,144,120,60,40,60,50,6,1,인간형,,인간형,갈색,
298,azurill,루리리,3,일반,물방울포켓몬,FALSE,FALSE,FALSE,FALSE,FALSE,FALSE,FALSE,2,노말,페어리,0.2,2,3,두꺼운지방,천하장사,초식,190,50,20,40,20,40,20,3,1,알미발견,,다리형,파랑,
299,nosepass,코코파스,3,일반,콤파스포켓몬,FALSE,FALSE,FALSE,FALSE,FALSE,FALSE,FALSE,1,바위,,1,97,3,옹골참,자력,모래의힘,375,30,45,135,45,90,30,2,1,광물,,인간형,회색,
300,skitty,에나비,3,일반,작은고양이포켓몬,FALSE,FALSE,FALSE,FALSE,FALSE,FALSE,FALSE,1,노말,,0.6,11,3,헤롱헤롱바디,노말스킨,미라클스킨,260,50,45,45,35,35,50,3,2,육상,요정,사족형,담홍,
301,delcatty,델케티,3,일반,새침떼기포켓몬,FALSE,FALSE,FALSE,FALSE,FALSE,FALSE,FALSE,1,노말,,1.1,32.6,3,헤롱헤롱바디,노말스킨,미라클스킨,400,70,65,65,55,55,90,3,2,육상,요정,사족형,보라,
302,sableye,깜까미,3,일반,어둠포켓몬,FALSE,FALSE,FALSE,FALSE,FALSE,FALSE,FALSE,2,악,고스트,0.5,11,3,날카로운눈,시간벌기,짓궂은마음,380,50,75,75,65,65,50,4,1,인간형,,인간형,보라,
302,sableye-mega,메가깜까미,3,일반,어둠포켓몬,FALSE,FALSE,FALSE,FALSE,TRUE,FALSE,FALSE,2,악,고스트,0.5,161,1,매직미러,,,480,50,85,125,85,115,20,4,1,인간형,,인간형,보라,
303,mawile,입치트,3,일반,배반포켓몬,FALSE,FALSE,FALSE,FALSE,FALSE,FALSE,FALSE,2,강철,페어리,0.6,11.5,3,괴력집게,위협,우격다짐,380,50,85,85,55,55,50,3,2,육상,요정,인간형,검정,
303,mawile-mega,메가입치트,3,일반,배반포켓몬,FALSE,FALSE,FALSE,FALSE,TRUE,FALSE,FALSE,2,강철,페어리,1,23.5,1,천하장사,,,480,50,105,125,55,95,50,3,2,육상,요정,인간형,검정,
304,aron,가보리,3,일반,철갑옷포켓몬,FALSE,FALSE,FALSE,FALSE,FALSE,FALSE,FALSE,2,강철,바위,0.4,60,3,옹골참,돌머리,헤비메탈,330,50,70,100,40,40,30,1,1,괴수,,사족형,회색,
305,lairon,갱도라,3,일반,철갑옷포켓몬,FALSE,FALSE,FALSE,FALSE,FALSE,FALSE,FALSE,2,강철,바위,0.9,120,3,옹골참,돌머리,헤비메탈,430,60,90,140,50,50,40,1,1,괴수,,사족형,회색,
306,aggron,보스로라,3,일반,철갑옷포켓몬,FALSE,FALSE,FALSE,FALSE,FALSE,FALSE,FALSE,2,강철,바위,2.1,360,3,옹골참,돌머리,헤비메탈,530,70,110,180,60,60,50,1,1,괴수,,이족꼬리형,회색,
306,aggron-mega,메가보스로라,3,일반,철갑옷포켓몬,FALSE,FALSE,FALSE,FALSE,TRUE,FALSE,FALSE,1,강철,,2.2,395,1,필터,,,630,70,140,230,60,80,50,1,1,괴수,,이족꼬리형,회색,
307,meditite,요가랑,3,일반,명상포켓몬,FALSE,FALSE,FALSE,FALSE,FALSE,FALSE,FALSE,2,격투,에스퍼,0.6,11.2,2,순수한힘,,텔레파시,280,30,40,55,40,55,60,2,1,인간형,,인간형,파랑,
308,medicham,요가램,3,일반,명상포켓몬,FALSE,FALSE,FALSE,FALSE,FALSE,FALSE,FALSE,2,격투,에스퍼,1.3,31.5,2,순수한힘,,텔레파시,410,60,60,75,60,75,80,2,1,인간형,,인간형,빨강,
308,medicham-mega,메가요가램,3,일반,명상포켓몬,FALSE,FALSE,FALSE,FALSE,TRUE,FALSE,FALSE,2,격투,에스퍼,1.3,31.5,1,순수한힘,,,510,60,100,85,80,85,100,2,1,인간형,,인간형,빨강,
309,electrike,썬더라이,3,일반,천둥번개포켓몬,FALSE,FALSE,FALSE,FALSE,FALSE,FALSE,FALSE,1,전기,,0.6,15.2,3,정전기,피뢰침,마이너스,295,40,45,40,65,40,65,1,1,육상,,사족형,초록,
310,manectric,썬더볼트,3,일반,방전포켓몬,FALSE,FALSE,FALSE,FALSE,FALSE,FALSE,FALSE,1,전기,,1.5,40.2,3,정전기,피뢰침,마이너스,475,70,75,60,105,60,105,1,1,육상,,사족형,노랑,
310,manectric-mega,메가썬더볼트,3,일반,방전포켓몬,FALSE,FALSE,FALSE,FALSE,TRUE,FALSE,FALSE,1,전기,,1.8,44,1,위협,,,575,70,75,80,135,80,135,1,1,육상,,사족형,노랑,
311,plusle,플러시,3,일반,응원포켓몬,FALSE,FALSE,FALSE,FALSE,FALSE,FALSE,FALSE,1,전기,,0.4,4.2,2,플러스,,피뢰침,405,60,50,40,85,75,95,2,1,요정,,이족꼬리형,노랑,
312,minun,마이농,3,일반,응원포켓몬,FALSE,FALSE,FALSE,FALSE,FALSE,FALSE,FALSE,1,전기,,0.4,4.2,2,마이너스,,축전,405,60,40,50,75,85,95,2,1,요정,,이족꼬리형,노랑,
313,volbeat,볼비트,3,일반,반딧불포켓몬,FALSE,FALSE,FALSE,FALSE,FALSE,FALSE,FALSE,1,벌레,,0.7,17.7,3,발광,벌레의알림,짓궂은마음,430,65,73,75,47,85,85,5,2,벌레,인간형,이족꼬리형,회색,
314,illumise,네오비트,3,일반,반딧불포켓몬,FALSE,FALSE,FALSE,FALSE,FALSE,FALSE,FALSE,1,벌레,,0.6,17.7,3,둔감,색안경,짓궂은마음,430,65,47,75,73,85,85,6,2,벌레,인간형,인간형,보라,
315,roselia,로젤리아,3,일반,가시포켓몬,FALSE,FALSE,FALSE,FALSE,FALSE,FALSE,FALSE,2,풀,독,0.3,2,3,자연회복,독가시,리프가드,400,50,60,45,100,80,65,4,2,요정,식물,인간형,초록,
316,gulpin,꼴깍몬,3,일반,밥통포켓몬,FALSE,FALSE,FALSE,FALSE,FALSE,FALSE,FALSE,1,독,,0.4,10.3,3,해감액,점착,먹보,302,70,43,53,43,53,40,6,1,부정형,,팔형,초록,
317,swalot,꿀꺽몬,3,일반,독봉지포켓몬,FALSE,FALSE,FALSE,FALSE,FALSE,FALSE,FALSE,1,독,,1.7,80,3,해감액,점착,먹보,467,100,73,83,73,83,55,6,1,부정형,,팔형,보라,
318,carvanha,샤프니아,3,일반,사나움포켓몬,FALSE,FALSE,FALSE,FALSE,FALSE,FALSE,FALSE,2,물,악,0.8,20.8,2,까칠한피부,,가속,305,45,90,20,65,20,65,1,1,수중 2,,물고기형,빨강,
319,sharpedo,샤크니아,3,일반,난폭포켓몬,FALSE,FALSE,FALSE,FALSE,FALSE,FALSE,FALSE,2,물,악,1.8,88.8,2,까칠한피부,,가속,460,70,120,40,95,40,95,1,1,수중 2,,물고기형,파랑,
319,sharpedo-mega,메가샤크니아,3,일반,난폭포켓몬,FALSE,FALSE,FALSE,FALSE,TRUE,FALSE,FALSE,2,물,악,2.5,130.3,1,옹골찬턱,,,560,70,140,70,110,65,105,1,1,수중 2,,물고기형,파랑,
320,wailmer,고래왕자,3,일반,둥근고래포켓몬,FALSE,FALSE,FALSE,FALSE,FALSE,FALSE,FALSE,1,물,,2,130,3,수의베일,둔감,프레셔,400,130,70,35,70,35,60,6,2,육상,수중 2,물고기형,파랑,
321,wailord,고래왕,3,일반,뜸고래포켓몬,FALSE,FALSE,FALSE,FALSE,FALSE,FALSE,FALSE,1,물,,14.5,398,3,수의베일,둔감,프레셔,500,170,90,45,90,45,60,6,2,육상,수중 2,물고기형,파랑,
322,numel,둔타,3,일반,둔감포켓몬,FALSE,FALSE,FALSE,FALSE,FALSE,FALSE,FALSE,2,불꽃,땅,0.7,24,3,둔감,단순,마이페이스,305,60,60,40,65,45,35,2,1,육상,,사족형,노랑,
323,camerupt,폭타,3,일반,분화포켓몬,FALSE,FALSE,FALSE,FALSE,FALSE,FALSE,FALSE,2,불꽃,땅,1.9,220,3,마그마의무장,하드록,분노의경혈,460,70,100,70,105,75,40,2,1,육상,,사족형,빨강,
323,camerupt-mega,메가폭타,3,일반,분화포켓몬,FALSE,FALSE,FALSE,FALSE,TRUE,FALSE,FALSE,2,불꽃,땅,2.5,320.5,1,우격다짐,,,560,70,120,100,145,105,20,2,1,육상,,사족형,빨강,
324,torkoal,코터스,3,일반,석탄포켓몬,FALSE,FALSE,FALSE,FALSE,FALSE,FALSE,FALSE,1,불꽃,,0.5,80.4,3,하얀연기,가뭄,조가비갑옷,470,70,85,140,85,70,20,2,1,육상,,사족형,갈색,
325,spoink,피그점프,3,일반,튀다포켓몬,FALSE,FALSE,FALSE,FALSE,FALSE,FALSE,FALSE,1,에스퍼,,0.7,30.6,3,두꺼운지방,마이페이스,먹보,330,60,25,35,70,80,60,3,1,육상,,팔형,검정,
326,grumpig,피그킹,3,일반,조작포켓몬,FALSE,FALSE,FALSE,FALSE,FALSE,FALSE,FALSE,1,에스퍼,,0.9,71.5,3,두꺼운지방,마이페이스,먹보,470,80,45,65,90,110,80,3,1,육상,,이족꼬리형,보라,
327,spinda,얼루기,3,일반,얼룩팬더포켓몬,FALSE,FALSE,FALSE,FALSE,FALSE,FALSE,FALSE,1,노말,,1.1,5,3,마이페이스,갈지자걸음,심술꾸러기,360,60,60,60,60,60,60,3,2,육상,인간형,이족꼬리형,갈색,
328,trapinch,톱치,3,일반,개미지옥포켓몬,FALSE,FALSE,FALSE,FALSE,FALSE,FALSE,FALSE,1,땅,,0.7,15,3,괴력집게,개미지옥,우격다짐,290,45,100,45,45,45,10,4,2,벌레,드래곤,곤충형,갈색,
329,vibrava,비브라바,3,일반,진동포켓몬,FALSE,FALSE,FALSE,FALSE,FALSE,FALSE,FALSE,2,땅,드래곤,1.1,15.3,1,부유,,,340,50,70,50,50,50,70,4,2,벌레,드래곤,다익형,초록,
330,flygon,플라이곤,3,일반,정령포켓몬,FALSE,FALSE,FALSE,FALSE,FALSE,FALSE,FALSE,2,땅,드래곤,2,82,1,부유,,,520,80,100,80,80,80,100,4,2,벌레,드래곤,단익형,초록,
331,cacnea,선인왕,3,일반,선인장포켓몬,FALSE,FALSE,FALSE,FALSE,FALSE,FALSE,FALSE,1,풀,,0.4,51.3,2,모래숨기,,저수,335,50,85,40,85,40,35,4,2,식물,인간형,인간형,초록,
332,cacturne,밤선인,3,일반,허수아비포켓몬,FALSE,FALSE,FALSE,FALSE,FALSE,FALSE,FALSE,2,풀,악,1.3,77.4,2,모래숨기,,저수,475,70,115,60,115,60,55,4,2,식물,인간형,인간형,초록,
333,swablu,파비코,3,일반,솜새포켓몬,FALSE,FALSE,FALSE,FALSE,FALSE,FALSE,FALSE,2,노말,비행,0.4,1.2,2,자연회복,,날씨부정,310,45,40,60,40,75,50,5,2,비행,드래곤,단익형,파랑,
334,altaria,파비코리,3,일반,허밍포켓몬,FALSE,FALSE,FALSE,FALSE,FALSE,FALSE,FALSE,2,드래곤,비행,1.1,20.6,2,자연회복,,날씨부정,490,75,70,90,70,105,80,5,2,비행,드래곤,단익형,파랑,
334,altaria-mega,메가파비코리,3,일반,허밍포켓몬,FALSE,FALSE,FALSE,FALSE,TRUE,FALSE,FALSE,2,드래곤,페어리,1.5,20.6,1,페어리스킨,,,590,75,110,110,110,105,80,5,2,비행,드래곤,단익형,파랑,
335,zangoose,쟝고,3,일반,고양이족제비포켓몬,FALSE,FALSE,FALSE,FALSE,FALSE,FALSE,FALSE,1,노말,,1.3,40.3,2,면역,,독폭주,458,73,115,60,60,60,90,5,1,육상,,이족꼬리형,하양,
336,seviper,세비퍼,3,일반,송곳뱀포켓몬,FALSE,FALSE,FALSE,FALSE,FALSE,FALSE,FALSE,1,독,,2.7,52.5,2,탈피,,틈새포착,458,73,100,60,100,60,65,6,2,육상,드래곤,뱀형,검정,
337,lunatone,루나톤,3,일반,별똥별포켓몬,FALSE,FALSE,FALSE,FALSE,FALSE,FALSE,FALSE,2,바위,에스퍼,1,168,1,부유,,,460,90,55,65,95,85,70,3,1,광물,,머리형,노랑,
338,solrock,솔록,3,일반,별똥별포켓몬,FALSE,FALSE,FALSE,FALSE,FALSE,FALSE,FALSE,2,바위,에스퍼,1.2,154,1,부유,,,460,90,95,85,55,65,70,3,1,광물,,머리형,빨강,
339,barboach,미꾸리,3,일반,수염물고기포켓몬,FALSE,FALSE,FALSE,FALSE,FALSE,FALSE,FALSE,2,물,땅,0.4,1.9,3,둔감,위험예지,촉촉바디,288,50,48,43,46,41,60,2,1,수중 2,,물고기형,회색,
340,whiscash,메깅,3,일반,수염물고기포켓몬,FALSE,FALSE,FALSE,FALSE,FALSE,FALSE,FALSE,2,물,땅,0.9,23.6,3,둔감,위험예지,촉촉바디,468,110,78,73,76,71,60,2,1,수중 2,,물고기형,파랑,
341,corphish,가재군,3,일반,건달포켓몬,FALSE,FALSE,FALSE,FALSE,FALSE,FALSE,FALSE,1,물,,0.6,11.5,3,괴력집게,조가비갑옷,적응력,308,43,80,65,50,35,35,6,2,수중 1,수중 3,곤충형,빨강,
342,crawdaunt,가재장군,3,일반,불량배포켓몬,FALSE,FALSE,FALSE,FALSE,FALSE,FALSE,FALSE,2,물,악,1.1,32.8,3,괴력집게,조가비갑옷,적응력,468,63,120,85,90,55,55,6,2,수중 1,수중 3,곤충형,빨강,
343,baltoy,오뚝군,3,일반,토우포켓몬,FALSE,FALSE,FALSE,FALSE,FALSE,FALSE,FALSE,2,땅,에스퍼,0.5,21.5,1,부유,,,300,40,40,55,40,70,55,2,1,광물,,팔형,갈색,
344,claydol,점토도리,3,일반,토우포켓몬,FALSE,FALSE,FALSE,FALSE,FALSE,FALSE,FALSE,2,땅,에스퍼,1.5,108,1,부유,,,500,60,70,105,70,120,75,2,1,광물,,팔형,검정,
345,lileep,릴링,3,일반,바다나리포켓몬,FALSE,FALSE,FALSE,FALSE,FALSE,FALSE,FALSE,2,바위,풀,1,23.8,2,흡반,,마중물,355,66,41,77,61,87,23,5,1,수중 3,,기둥형,보라,
346,cradily,릴리요,3,일반,바위단지포켓몬,FALSE,FALSE,FALSE,FALSE,FALSE,FALSE,FALSE,2,바위,풀,1.5,60.4,2,흡반,,마중물,495,86,81,97,81,107,43,5,1,수중 3,,기둥형,초록,
347,anorith,아노딥스,3,일반,고대새우포켓몬,FALSE,FALSE,FALSE,FALSE,FALSE,FALSE,FALSE,2,바위,벌레,0.7,12.5,2,전투무장,,쓱쓱,355,45,95,50,40,50,75,5,1,수중 3,,곤충형,회색,
348,armaldo,아말도,3,일반,갑주포켓몬,FALSE,FALSE,FALSE,FALSE,FALSE,FALSE,FALSE,2,바위,벌레,1.5,68.2,2,전투무장,,쓱쓱,495,75,125,100,70,80,45,5,1,수중 3,,이족꼬리형,회색,
349,feebas,빈티나,3,일반,물고기포켓몬,FALSE,FALSE,FALSE,FALSE,FALSE,FALSE,FALSE,1,물,,0.6,7.4,3,쓱쓱,둔감,적응력,200,20,15,20,10,55,80,5,2,수중 1,드래곤,물고기형,갈색,
350,milotic,밀로틱,3,일반,사랑포켓몬,FALSE,FALSE,FALSE,FALSE,FALSE,FALSE,FALSE,1,물,,6.2,162,3,이상한비늘,승기,헤롱헤롱바디,540,95,60,79,100,125,81,5,2,수중 1,드래곤,뱀형,담홍,
351,castform,캐스퐁,3,일반,날씨포켓몬,FALSE,FALSE,FALSE,FALSE,FALSE,FALSE,TRUE,1,노말,,0.3,0.8,1,기분파,,,420,70,70,70,70,70,70,2,2,요정,부정형,머리형,회색,
351,castform-sunny,캐스퐁(태양의모습),3,일반,날씨포켓몬,FALSE,FALSE,FALSE,FALSE,FALSE,FALSE,TRUE,1,불꽃,,0.3,0.8,1,기분파,,,420,70,70,70,70,70,70,2,2,요정,부정형,머리형,빨강,
351,castform-rainy,캐스퐁(빗방울의모습),3,일반,날씨포켓몬,FALSE,FALSE,FALSE,FALSE,FALSE,FALSE,TRUE,1,물,,0.3,0.8,1,기분파,,,420,70,70,70,70,70,70,2,2,요정,부정형,머리형,파랑,
351,castform-snowy,캐스퐁(설운의모습),3,일반,날씨포켓몬,FALSE,FALSE,FALSE,FALSE,FALSE,FALSE,TRUE,1,얼음,,0.3,0.8,1,기분파,,,420,70,70,70,70,70,70,2,2,요정,부정형,머리형,하양,
352,kecleon,켈리몬,3,일반,색변화포켓몬,FALSE,FALSE,FALSE,FALSE,FALSE,FALSE,FALSE,1,노말,,1,22,2,변색,,변환자재,440,60,90,70,60,120,40,4,1,육상,,이족꼬리형,초록,
353,shuppet,어둠대신,3,일반,인형포켓몬,FALSE,FALSE,FALSE,FALSE,FALSE,FALSE,FALSE,1,고스트,,0.6,2.3,3,불면,통찰,저주받은바디,295,44,75,35,63,33,45,3,1,부정형,,머리형,검정,
354,banette,다크펫,3,일반,봉제인형포켓몬,FALSE,FALSE,FALSE,FALSE,FALSE,FALSE,FALSE,1,고스트,,1.1,12.5,3,불면,통찰,저주받은바디,455,64,115,65,83,63,65,3,1,부정형,,이족꼬리형,검정,
354,banette-mega,메가다크펫,3,일반,봉제인형포켓몬,FALSE,FALSE,FALSE,FALSE,TRUE,FALSE,FALSE,1,고스트,,1.2,13,1,짓궂은마음,,,555,64,165,75,93,83,75,3,1,부정형,,이족꼬리형,검정,
355,duskull,해골몽,3,일반,마중포켓몬,FALSE,FALSE,FALSE,FALSE,FALSE,FALSE,FALSE,1,고스트,,0.8,15,2,부유,,통찰,295,20,40,90,30,90,25,3,1,부정형,,팔형,검정,
356,dusclops,미라몽,3,일반,손짓포켓몬,FALSE,FALSE,FALSE,FALSE,FALSE,FALSE,FALSE,1,고스트,,1.6,30.6,2,프레셔,,통찰,455,40,70,130,60,130,25,3,1,부정형,,인간형,검정,
357,tropius,트로피우스,3,일반,후르츠포켓몬,FALSE,FALSE,FALSE,FALSE,FALSE,FALSE,FALSE,2,풀,비행,2,100,3,엽록소,선파워,수확,460,99,68,83,72,87,51,1,2,괴수,식물,사족형,초록,
358,chimecho,치렁,3,일반,풍경포켓몬,FALSE,FALSE,FALSE,FALSE,FALSE,FALSE,FALSE,1,에스퍼,,0.6,1,1,부유,,,455,75,50,80,95,90,65,3,1,부정형,,팔형,파랑,
358,chimecho-mega,메가치렁,3,일반,풍경포켓몬,FALSE,FALSE,FALSE,FALSE,TRUE,FALSE,FALSE,2,에스퍼,강철,1.2,8,1,부유,,,555,75,50,110,135,120,65,3,1,부정형,,군집형,파랑,https://data1.pokemonkorea.co.kr/newdata/pokedex/full/035802.png
359,absol,앱솔,3,일반,재난포켓몬,FALSE,FALSE,FALSE,FALSE,FALSE,FALSE,FALSE,1,악,,1.2,47,3,프레셔,대운,정의의마음,465,65,130,60,75,60,75,4,1,육상,,사족형,하양,
359,absol-mega,메가앱솔,3,일반,재난포켓몬,FALSE,FALSE,FALSE,FALSE,TRUE,FALSE,FALSE,1,악,,1.2,49,1,매직미러,,,565,65,150,60,115,60,115,4,1,육상,,사족형,하양,
359,absol-mega-z,메가앱솔Z,3,일반,재난포켓몬,FALSE,FALSE,FALSE,FALSE,TRUE,FALSE,FALSE,2,악,고스트,1.2,49,3,프레셔,대운,,565,65,154,60,75,60,151,4,1,육상,,사족형,검정,https://data1.pokemonkorea.co.kr/newdata/pokedex/full/035903.png
360,wynaut,마자,3,일반,명랑포켓몬,FALSE,FALSE,FALSE,FALSE,FALSE,FALSE,FALSE,1,에스퍼,,0.6,14,2,그림자밟기,,텔레파시,260,95,23,48,23,48,23,2,1,알미발견,,이족꼬리형,파랑,
361,snorunt,눈꼬마,3,일반,눈우산포켓몬,FALSE,FALSE,FALSE,FALSE,FALSE,FALSE,FALSE,1,얼음,,0.7,16.8,3,정신력,아이스바디,변덕쟁이,300,50,50,50,50,50,50,2,2,요정,광물,인간형,회색,
362,glalie,얼음귀신,3,일반,얼굴포켓몬,FALSE,FALSE,FALSE,FALSE,FALSE,FALSE,FALSE,1,얼음,,1.5,256.5,3,정신력,아이스바디,변덕쟁이,480,80,80,80,80,80,80,2,2,요정,광물,머리형,회색,
362,glalie-mega,메가얼음귀신,3,일반,얼굴포켓몬,FALSE,FALSE,FALSE,FALSE,TRUE,FALSE,FALSE,1,얼음,,2.1,350.2,1,프리즈스킨,,,580,80,120,80,120,80,100,2,2,요정,광물,머리형,회색,
363,spheal,대굴레오,3,일반,손뼉포켓몬,FALSE,FALSE,FALSE,FALSE,FALSE,FALSE,FALSE,2,얼음,물,0.8,39.5,3,두꺼운지방,아이스바디,둔감,290,70,40,50,55,50,25,4,2,수중 1,육상,물고기형,파랑,
364,sealeo,씨레오,3,일반,공돌리기포켓몬,FALSE,FALSE,FALSE,FALSE,FALSE,FALSE,FALSE,2,얼음,물,1.1,87.6,3,두꺼운지방,아이스바디,둔감,410,90,60,70,75,70,45,4,2,수중 1,육상,물고기형,파랑,
365,walrein,씨카이저,3,일반,얼음깨기포켓몬,FALSE,FALSE,FALSE,FALSE,FALSE,FALSE,FALSE,2,얼음,물,1.4,150.6,3,두꺼운지방,아이스바디,둔감,530,110,80,90,95,90,65,4,2,수중 1,육상,사족형,파랑,
366,clamperl,진주몽,3,일반,두조개포켓몬,FALSE,FALSE,FALSE,FALSE,FALSE,FALSE,FALSE,1,물,,0.4,52.5,2,조가비갑옷,,주눅,345,35,64,85,74,55,32,5,1,수중 1,,머리형,파랑,
367,huntail,헌테일,3,일반,깊은바다포켓몬,FALSE,FALSE,FALSE,FALSE,FALSE,FALSE,FALSE,1,물,,1.7,27,2,쓱쓱,,수의베일,485,55,104,105,94,75,52,5,1,수중 1,,뱀형,파랑,
368,gorebyss,분홍장이,3,일반,남해포켓몬,FALSE,FALSE,FALSE,FALSE,FALSE,FALSE,FALSE,1,물,,1.8,22.6,2,쓱쓱,,촉촉바디,485,55,84,105,114,75,52,5,1,수중 1,,뱀형,담홍,
369,relicanth,시라칸,3,일반,장수포켓몬,FALSE,FALSE,FALSE,FALSE,FALSE,FALSE,FALSE,2,물,바위,1,23.4,3,쓱쓱,돌머리,옹골참,485,100,90,130,45,65,55,1,2,수중 1,수중 2,물고기형,회색,
370,luvdisc,사랑동이,3,일반,랑데부포켓몬,FALSE,FALSE,FALSE,FALSE,FALSE,FALSE,FALSE,1,물,,0.6,8.7,2,쓱쓱,,촉촉바디,330,43,30,55,40,65,97,3,1,수중 2,,물고기형,담홍,
371,bagon,아공이,3,일반,돌머리포켓몬,FALSE,FALSE,FALSE,FALSE,FALSE,FALSE,FALSE,1,드래곤,,0.6,42.1,2,돌머리,,우격다짐,300,45,75,60,40,30,50,1,1,드래곤,,인간형,파랑,
372,shelgon,쉘곤,3,일반,인내포켓몬,FALSE,FALSE,FALSE,FALSE,FALSE,FALSE,FALSE,1,드래곤,,1.1,110.5,2,돌머리,,방진,420,65,95,100,60,50,50,1,1,드래곤,,사족형,하양,
373,salamence,보만다,3,일반,드래곤포켓몬,FALSE,FALSE,FALSE,FALSE,FALSE,FALSE,FALSE,2,드래곤,비행,1.5,102.6,2,위협,,자기과신,600,95,135,80,110,80,100,1,1,드래곤,,사족형,파랑,
373,salamence-mega,메가보만다,3,일반,드래곤포켓몬,FALSE,FALSE,FALSE,FALSE,TRUE,FALSE,FALSE,2,드래곤,비행,1.8,112.6,1,스카이스킨,,,700,95,145,130,120,90,120,1,1,드래곤,,사족형,파랑,
374,beldum,메탕,3,일반,철공포켓몬,FALSE,FALSE,FALSE,FALSE,FALSE,FALSE,FALSE,2,강철,에스퍼,0.6,95.2,2,클리어바디,,라이트메탈,300,40,55,80,35,60,30,1,1,광물,,기둥형,파랑,
375,metang,메탕구,3,일반,철발톱포켓몬,FALSE,FALSE,FALSE,FALSE,FALSE,FALSE,FALSE,2,강철,에스퍼,1.2,202.5,2,클리어바디,,라이트메탈,420,60,75,100,55,80,50,1,1,광물,,팔형,파랑,
376,metagross,메타그로스,3,일반,무쇠다리포켓몬,FALSE,FALSE,FALSE,FALSE,FALSE,FALSE,FALSE,2,강철,에스퍼,1.6,550,2,클리어바디,,라이트메탈,600,80,135,130,95,90,70,1,1,광물,,군집형,파랑,
376,metagross-mega,메가메타그로스,3,일반,무쇠다리포켓몬,FALSE,FALSE,FALSE,FALSE,TRUE,FALSE,FALSE,2,강철,에스퍼,2.5,942.9,1,단단한발톱,,,700,80,145,150,105,110,110,1,1,광물,,군집형,파랑,
377,regirock,레지락,3,준전설,바위산포켓몬,FALSE,FALSE,FALSE,FALSE,FALSE,FALSE,FALSE,1,바위,,1.7,230,2,클리어바디,,옹골참,580,80,100,200,50,100,50,1,1,알미발견,,인간형,갈색,
378,regice,레지아이스,3,준전설,빙산포켓몬,FALSE,FALSE,FALSE,FALSE,FALSE,FALSE,FALSE,1,얼음,,1.8,175,2,클리어바디,,아이스바디,580,80,50,100,100,200,50,1,1,알미발견,,인간형,파랑,
379,registeel,레지스틸,3,준전설,쇠철포켓몬,FALSE,FALSE,FALSE,FALSE,FALSE,FALSE,FALSE,1,강철,,1.9,205,2,클리어바디,,라이트메탈,580,80,75,150,75,150,50,1,1,알미발견,,인간형,회색,
380,latias,라티아스,3,준전설,무한포켓몬,FALSE,FALSE,FALSE,FALSE,FALSE,FALSE,FALSE,2,드래곤,에스퍼,1.4,40,1,부유,,,600,80,80,90,110,130,110,1,1,알미발견,,단익형,빨강,
380,latias-mega,메가라티아스,3,준전설,무한포켓몬,FALSE,FALSE,FALSE,FALSE,TRUE,FALSE,FALSE,2,드래곤,에스퍼,1.8,52,1,부유,,,700,80,100,120,140,150,110,1,1,알미발견,,단익형,보라,
381,latios,라티오스,3,준전설,무한포켓몬,FALSE,FALSE,FALSE,FALSE,FALSE,FALSE,FALSE,2,드래곤,에스퍼,2,60,1,부유,,,600,80,90,80,130,110,110,1,1,알미발견,,단익형,파랑,
381,latios-mega,메가라티오스,3,준전설,무한포켓몬,FALSE,FALSE,FALSE,FALSE,TRUE,FALSE,FALSE,2,드래곤,에스퍼,2.3,70,1,부유,,,700,80,130,100,160,120,110,1,1,알미발견,,단익형,보라,
382,kyogre,가이오가,3,전설,해저포켓몬,FALSE,FALSE,FALSE,FALSE,FALSE,FALSE,TRUE,1,물,,4.5,352,1,잔비,,,670,100,100,90,150,140,90,1,1,알미발견,,물고기형,파랑,
382,kyogre-primal,원시가이오가,3,전설,해저포켓몬,FALSE,FALSE,FALSE,FALSE,FALSE,FALSE,TRUE,1,물,,9.8,430,1,시작의바다,,,770,100,150,90,180,160,90,1,1,알미발견,,물고기형,파랑,
383,groudon,그란돈,3,전설,대륙포켓몬,FALSE,FALSE,FALSE,FALSE,FALSE,FALSE,TRUE,1,땅,,3.5,950,1,가뭄,,,670,100,150,140,100,90,90,1,1,알미발견,,이족꼬리형,빨강,
383,groudon-primal,원시그란돈,3,전설,대륙포켓몬,FALSE,FALSE,FALSE,FALSE,FALSE,FALSE,TRUE,2,땅,불꽃,5,999.7,1,끝의대지,,,770,100,180,160,150,90,90,1,1,알미발견,,이족꼬리형,빨강,
384,rayquaza,레쿠쟈,3,전설,천공포켓몬,FALSE,FALSE,FALSE,FALSE,FALSE,FALSE,FALSE,2,드래곤,비행,7,206.5,1,에어록,,,680,105,150,90,150,90,95,1,1,알미발견,,뱀형,초록,
384,rayquaza-mega,메가레쿠쟈,3,전설,천공포켓몬,FALSE,FALSE,FALSE,FALSE,TRUE,FALSE,FALSE,2,드래곤,비행,10.8,392,1,델타스트림,,,780,105,180,100,180,100,115,1,1,알미발견,,뱀형,초록,
385,jirachi,지라치,3,환상,희망사항포켓몬,FALSE,FALSE,FALSE,FALSE,FALSE,FALSE,FALSE,2,강철,에스퍼,0.3,1.1,1,하늘의은총,,,600,100,100,100,100,100,100,1,1,알미발견,,인간형,노랑,
386,deoxys-normal,테오키스,3,환상,DNA포켓몬,FALSE,FALSE,FALSE,FALSE,FALSE,FALSE,TRUE,1,에스퍼,,1.7,60.8,1,프레셔,,,600,50,150,50,150,50,150,1,1,알미발견,,인간형,빨강,
386,deoxys-attack,테오키스(어택폼),3,환상,DNA포켓몬,FALSE,FALSE,FALSE,FALSE,FALSE,FALSE,TRUE,1,에스퍼,,1.7,60.8,1,프레셔,,,600,50,180,20,180,20,150,1,1,알미발견,,인간형,빨강,
386,deoxys-defense,테오키스(디펜스폼),3,환상,DNA포켓몬,FALSE,FALSE,FALSE,FALSE,FALSE,FALSE,TRUE,1,에스퍼,,1.7,60.8,1,프레셔,,,600,50,70,160,70,160,90,1,1,알미발견,,인간형,빨강,
386,deoxys-speed,테오키스(스피드폼),3,환상,DNA포켓몬,FALSE,FALSE,FALSE,FALSE,FALSE,FALSE,TRUE,1,에스퍼,,1.7,60.8,1,프레셔,,,600,50,95,90,95,90,180,1,1,알미발견,,인간형,빨강,
387,turtwig,모부기,4,일반,어린잎포켓몬,FALSE,FALSE,FALSE,FALSE,FALSE,FALSE,FALSE,1,풀,,0.4,10.2,2,심록,,조가비갑옷,318,55,68,64,45,55,31,4,2,괴수,식물,사족형,초록,
388,grotle,수풀부기,4,일반,나무숲포켓몬,FALSE,FALSE,FALSE,FALSE,FALSE,FALSE,FALSE,1,풀,,1.1,97,2,심록,,조가비갑옷,405,75,89,85,55,65,36,4,2,괴수,식물,사족형,초록,
389,torterra,토대부기,4,일반,대륙포켓몬,FALSE,FALSE,FALSE,FALSE,FALSE,FALSE,FALSE,2,풀,땅,2.2,310,2,심록,,조가비갑옷,525,95,109,105,75,85,56,4,2,괴수,식물,사족형,초록,
390,chimchar,불꽃숭이,4,일반,꼬마원숭이포켓몬,FALSE,FALSE,FALSE,FALSE,FALSE,FALSE,FALSE,1,불꽃,,0.5,6.2,2,맹화,,철주먹,309,44,58,44,58,44,61,4,2,육상,인간형,이족꼬리형,갈색,
391,monferno,파이숭이,4,일반,개구쟁이포켓몬,FALSE,FALSE,FALSE,FALSE,FALSE,FALSE,FALSE,2,불꽃,격투,0.9,22,2,맹화,,철주먹,405,64,78,52,78,52,81,4,2,육상,인간형,이족꼬리형,갈색,
392,infernape,초염몽,4,일반,화염포켓몬,FALSE,FALSE,FALSE,FALSE,FALSE,FALSE,FALSE,2,불꽃,격투,1.2,55,2,맹화,,철주먹,534,76,104,71,104,71,108,4,2,육상,인간형,이족꼬리형,갈색,
393,piplup,팽도리,4,일반,펭귄포켓몬,FALSE,FALSE,FALSE,FALSE,FALSE,FALSE,FALSE,1,물,,0.4,5.2,2,급류,,승기,314,53,51,53,61,56,40,4,2,수중 1,육상,인간형,파랑,
394,prinplup,팽태자,4,일반,펭귄포켓몬,FALSE,FALSE,FALSE,FALSE,FALSE,FALSE,FALSE,1,물,,0.8,23,2,급류,,승기,405,64,66,68,81,76,50,4,2,수중 1,육상,이족꼬리형,파랑,
395,empoleon,엠페르트,4,일반,황제포켓몬,FALSE,FALSE,FALSE,FALSE,FALSE,FALSE,FALSE,2,물,강철,1.7,84.5,2,급류,,승기,530,84,86,88,111,101,60,4,2,수중 1,육상,이족꼬리형,파랑,
396,starly,찌르꼬,4,일반,찌르레기포켓몬,FALSE,FALSE,FALSE,FALSE,FALSE,FALSE,FALSE,2,노말,비행,0.3,2,2,날카로운눈,,이판사판,245,40,55,30,30,30,60,4,1,비행,,단익형,갈색,
397,staravia,찌르버드,4,일반,찌르레기포켓몬,FALSE,FALSE,FALSE,FALSE,FALSE,FALSE,FALSE,2,노말,비행,0.6,15.5,2,위협,,이판사판,340,55,75,50,40,40,80,4,1,비행,,단익형,갈색,
398,staraptor,찌르호크,4,일반,맹금포켓몬,FALSE,FALSE,FALSE,FALSE,FALSE,FALSE,FALSE,2,노말,비행,1.2,24.9,2,위협,,이판사판,485,85,120,70,50,60,100,4,1,비행,,단익형,갈색,
398,staraptor-mega,메가찌르호크,4,일반,맹금포켓몬,FALSE,FALSE,FALSE,FALSE,TRUE,FALSE,FALSE,2,격투,비행,1.9,50,2,위협,,,585,85,140,100,60,90,110,4,1,비행,,단익형,회색,https://data1.pokemonkorea.co.kr/newdata/pokedex/full/039802.png
399,bidoof,비버니,4,일반,둥글쥐포켓몬,FALSE,FALSE,FALSE,FALSE,FALSE,FALSE,FALSE,1,노말,,0.5,20,3,단순,천진,변덕쟁이,250,59,45,40,35,40,31,2,2,수중 1,육상,사족형,갈색,
400,bibarel,비버통,4,일반,비버포켓몬,FALSE,FALSE,FALSE,FALSE,FALSE,FALSE,FALSE,2,노말,물,1,31.5,3,단순,천진,변덕쟁이,410,79,85,60,55,60,71,2,2,수중 1,육상,이족꼬리형,갈색,
401,kricketot,귀뚤뚜기,4,일반,귀뚜라미포켓몬,FALSE,FALSE,FALSE,FALSE,FALSE,FALSE,FALSE,1,벌레,,0.3,2.2,2,탈피,,도주,194,37,25,41,25,41,25,4,1,벌레,,인간형,빨강,
402,kricketune,귀뚤톡크,4,일반,귀뚜라미포켓몬,FALSE,FALSE,FALSE,FALSE,FALSE,FALSE,FALSE,1,벌레,,1,25.5,2,벌레의알림,,테크니션,384,77,85,51,55,51,65,4,1,벌레,,다익형,빨강,
403,shinx,꼬링크,4,일반,섬광포켓몬,FALSE,FALSE,FALSE,FALSE,FALSE,FALSE,FALSE,1,전기,,0.5,9.5,3,투쟁심,위협,근성,263,45,65,34,40,34,45,4,1,육상,,사족형,파랑,
404,luxio,럭시오,4,일반,전광포켓몬,FALSE,FALSE,FALSE,FALSE,FALSE,FALSE,FALSE,1,전기,,0.9,30.5,3,투쟁심,위협,근성,363,60,85,49,60,49,60,4,1,육상,,사족형,파랑,
405,luxray,렌트라,4,일반,안광포켓몬,FALSE,FALSE,FALSE,FALSE,FALSE,FALSE,FALSE,1,전기,,1.4,42,3,투쟁심,위협,근성,523,80,120,79,95,79,70,4,1,육상,,사족형,파랑,
406,budew,꼬몽울,4,일반,꽃봉오리포켓몬,FALSE,FALSE,FALSE,FALSE,FALSE,FALSE,FALSE,2,풀,독,0.2,1.2,3,자연회복,독가시,리프가드,280,40,30,35,50,70,55,4,1,알미발견,,인간형,초록,
407,roserade,로즈레이드,4,일반,부케포켓몬,FALSE,FALSE,FALSE,FALSE,FALSE,FALSE,FALSE,2,풀,독,0.9,14.5,3,자연회복,독가시,테크니션,515,60,70,65,125,105,90,4,2,요정,식물,인간형,초록,
408,cranidos,두개도스,4,일반,박치기포켓몬,FALSE,FALSE,FALSE,FALSE,FALSE,FALSE,FALSE,1,바위,,0.9,31.5,2,틀깨기,,우격다짐,350,67,125,40,30,30,58,5,1,괴수,,이족꼬리형,파랑,
409,rampardos,램펄드,4,일반,박치기포켓몬,FALSE,FALSE,FALSE,FALSE,FALSE,FALSE,FALSE,1,바위,,1.6,102.5,2,틀깨기,,우격다짐,495,97,165,60,65,50,58,5,1,괴수,,이족꼬리형,파랑,
410,shieldon,방패톱스,4,일반,실드포켓몬,FALSE,FALSE,FALSE,FALSE,FALSE,FALSE,FALSE,2,바위,강철,0.5,57,2,옹골참,,방음,350,30,42,118,42,88,30,5,1,괴수,,사족형,회색,
411,bastiodon,바리톱스,4,일반,실드포켓몬,FALSE,FALSE,FALSE,FALSE,FALSE,FALSE,FALSE,2,바위,강철,1.3,149.5,2,옹골참,,방음,495,60,52,168,47,138,30,5,1,괴수,,사족형,회색,
412,burmy,도롱충이,4,일반,도롱이벌레포켓몬,FALSE,FALSE,FALSE,FALSE,FALSE,FALSE,TRUE,1,벌레,,0.2,3.4,2,탈피,,방진,224,40,29,45,29,45,36,2,1,벌레,,기둥형,초록,
413,wormadam-plant,도롱마담(초목도롱),4,일반,도롱이벌레포켓몬,FALSE,FALSE,FALSE,FALSE,FALSE,FALSE,TRUE,2,벌레,풀,0.5,6.5,2,위험예지,,방진,424,60,59,85,79,105,36,2,1,벌레,,기둥형,초록,
413,wormadam-sandy,도롱마담(모래땅도롱),4,일반,도롱이벌레포켓몬,FALSE,FALSE,FALSE,FALSE,FALSE,FALSE,TRUE,2,벌레,땅,0.5,6.5,2,위험예지,,방진,424,60,79,105,59,85,36,2,1,벌레,,기둥형,갈색,
413,wormadam-trash,도롱마담(슈레도롱),4,일반,도롱이벌레포켓몬,FALSE,FALSE,FALSE,FALSE,FALSE,FALSE,TRUE,2,벌레,강철,0.5,6.5,2,위험예지,,방진,424,60,69,95,69,95,36,2,1,벌레,,기둥형,빨강,
414,mothim,나메일,4,일반,나방포켓몬,FALSE,FALSE,FALSE,FALSE,FALSE,FALSE,FALSE,2,벌레,비행,0.9,23.3,2,벌레의알림,,색안경,424,70,94,50,94,50,66,2,1,벌레,,다익형,노랑,
415,combee,세꿀버리,4,일반,꼬마벌포켓몬,FALSE,FALSE,FALSE,FALSE,FALSE,FALSE,FALSE,2,벌레,비행,0.3,5.5,2,꿀모으기,,의욕,244,30,30,42,30,42,70,4,1,벌레,,군집형,노랑,
416,vespiquen,비퀸,4,일반,벌집포켓몬,FALSE,FALSE,FALSE,FALSE,FALSE,FALSE,FALSE,2,벌레,비행,1.2,38.5,2,프레셔,,긴장감,474,70,80,102,80,102,40,4,1,벌레,,다익형,노랑,
417,pachirisu,파치리스,4,일반,전기다람쥐포켓몬,FALSE,FALSE,FALSE,FALSE,FALSE,FALSE,FALSE,1,전기,,0.4,3.9,3,도주,픽업,축전,405,60,45,70,45,90,95,2,2,육상,요정,사족형,하양,
418,buizel,브이젤,4,일반,바다족제비포켓몬,FALSE,FALSE,FALSE,FALSE,FALSE,FALSE,FALSE,1,물,,0.7,29.5,2,쓱쓱,,수의베일,330,55,65,35,60,30,85,2,2,수중 1,육상,사족형,갈색,
419,floatzel,플로젤,4,일반,바다족제비포켓몬,FALSE,FALSE,FALSE,FALSE,FALSE,FALSE,FALSE,1,물,,1.1,33.5,2,쓱쓱,,수의베일,495,85,105,55,85,50,115,2,2,수중 1,육상,사족형,갈색,
420,cherubi,체리버,4,일반,버찌포켓몬,FALSE,FALSE,FALSE,FALSE,FALSE,FALSE,FALSE,1,풀,,0.4,3.3,1,엽록소,,,275,45,35,45,62,53,35,2,2,요정,식물,군집형,담홍,
421,cherrim,체리꼬,4,일반,벚꽃포켓몬,FALSE,FALSE,FALSE,FALSE,FALSE,FALSE,TRUE,1,풀,,0.5,9.3,1,플라워기프트,,,450,70,60,70,87,78,85,2,2,요정,식물,다리형,보라,
422,shellos,깝질무,4,일반,갯민숭달팽이포켓몬,FALSE,FALSE,FALSE,FALSE,FALSE,FALSE,TRUE,1,물,,0.3,6.3,3,점착,마중물,모래의힘,325,76,48,48,57,62,34,2,2,수중 1,부정형,뱀형,보라,
423,gastrodon,트리토돈,4,일반,갯민숭달팽이포켓몬,FALSE,FALSE,FALSE,FALSE,FALSE,FALSE,TRUE,2,물,땅,0.9,29.9,3,점착,마중물,모래의힘,475,111,83,68,92,82,39,2,2,수중 1,부정형,뱀형,보라,
424,ambipom,겟핸보숭,4,일반,긴꼬리포켓몬,FALSE,FALSE,FALSE,FALSE,FALSE,FALSE,FALSE,1,노말,,1.2,20.3,3,테크니션,픽업,스킬링크,482,75,100,66,60,66,115,3,1,육상,,이족꼬리형,보라,
425,drifloon,흔들풍손,4,일반,풍선포켓몬,FALSE,FALSE,FALSE,FALSE,FALSE,FALSE,FALSE,2,고스트,비행,0.4,1.2,3,유폭,곡예,열폭주,348,90,50,34,60,44,70,6,1,부정형,,팔형,보라,
426,drifblim,둥실라이드,4,일반,기구포켓몬,FALSE,FALSE,FALSE,FALSE,FALSE,FALSE,FALSE,2,고스트,비행,1.2,15,3,유폭,곡예,열폭주,498,150,80,44,90,54,80,6,1,부정형,,팔형,보라,
427,buneary,이어롤,4,일반,토끼포켓몬,FALSE,FALSE,FALSE,FALSE,FALSE,FALSE,FALSE,1,노말,,0.4,5.5,3,도주,서투름,유연,350,55,66,44,44,56,85,2,2,육상,인간형,이족꼬리형,갈색,
428,lopunny,이어롭,4,일반,토끼포켓몬,FALSE,FALSE,FALSE,FALSE,FALSE,FALSE,FALSE,1,노말,,1.2,33.3,3,헤롱헤롱바디,서투름,유연,480,65,76,84,54,96,105,2,2,육상,인간형,이족꼬리형,갈색,
428,lopunny-mega,메가이어롭,4,일반,토끼포켓몬,FALSE,FALSE,FALSE,FALSE,TRUE,FALSE,FALSE,2,노말,격투,1.3,28.3,1,배짱,,,580,65,136,94,54,96,135,2,2,육상,인간형,이족꼬리형,갈색,
429,mismagius,무우마직,4,일반,매지컬포켓몬,FALSE,FALSE,FALSE,FALSE,FALSE,FALSE,FALSE,1,고스트,,0.9,4.4,1,부유,,,495,60,60,60,105,105,105,3,1,부정형,,머리형,보라,
430,honchkrow,돈크로우,4,일반,큰형님포켓몬,FALSE,FALSE,FALSE,FALSE,FALSE,FALSE,FALSE,2,악,비행,0.9,27.3,3,불면,대운,자기과신,505,100,125,52,105,52,71,4,1,비행,,단익형,검정,
431,glameow,나옹마,4,일반,내숭포켓몬,FALSE,FALSE,FALSE,FALSE,FALSE,FALSE,FALSE,1,노말,,0.5,3.9,3,유연,마이페이스,날카로운눈,310,49,55,42,42,37,85,3,1,육상,,사족형,회색,
432,purugly,몬냥이,4,일반,얼룩고양이포켓몬,FALSE,FALSE,FALSE,FALSE,FALSE,FALSE,FALSE,1,노말,,1,43.8,3,두꺼운지방,마이페이스,오기,452,71,82,64,64,59,112,3,1,육상,,사족형,회색,
433,chingling,랑딸랑,4,일반,방울포켓몬,FALSE,FALSE,FALSE,FALSE,FALSE,FALSE,FALSE,1,에스퍼,,0.2,0.6,1,부유,,,285,45,30,50,65,50,45,3,1,알미발견,,인간형,노랑,
434,stunky,스컹뿡,4,일반,스컹크포켓몬,FALSE,FALSE,FALSE,FALSE,FALSE,FALSE,FALSE,2,독,악,0.4,19.2,3,악취,유폭,날카로운눈,329,63,63,47,41,41,74,2,1,육상,,사족형,보라,
435,skuntank,스컹탱크,4,일반,스컹크포켓몬,FALSE,FALSE,FALSE,FALSE,FALSE,FALSE,FALSE,2,독,악,1,38,3,악취,유폭,날카로운눈,479,103,93,67,71,61,84,2,1,육상,,사족형,보라,
436,bronzor,동미러,4,일반,청동포켓몬,FALSE,FALSE,FALSE,FALSE,FALSE,FALSE,FALSE,2,강철,에스퍼,0.5,60.5,3,부유,내열,헤비메탈,300,57,24,86,24,86,23,2,1,광물,,머리형,초록,
437,bronzong,동탁군,4,일반,동탁포켓몬,FALSE,FALSE,FALSE,FALSE,FALSE,FALSE,FALSE,2,강철,에스퍼,1.3,187,3,부유,내열,헤비메탈,500,67,89,116,79,116,33,2,1,광물,,팔형,초록,
438,bonsly,꼬지지,4,일반,분재포켓몬,FALSE,FALSE,FALSE,FALSE,FALSE,FALSE,FALSE,1,바위,,0.5,15,3,옹골참,돌머리,주눅,290,50,80,95,10,45,10,2,1,알미발견,,다리형,갈색,
439,mime-jr,흉내내,4,일반,따라하기포켓몬,FALSE,FALSE,FALSE,FALSE,FALSE,FALSE,FALSE,2,에스퍼,페어리,0.6,13,3,방음,필터,테크니션,310,20,25,45,70,90,60,2,1,알미발견,,인간형,담홍,
440,happiny,핑복,4,일반,소꿉놀이포켓몬,FALSE,FALSE,FALSE,FALSE,FALSE,FALSE,FALSE,1,노말,,0.6,24.4,3,자연회복,하늘의은총,프렌드가드,220,100,5,5,15,65,30,3,1,알미발견,,인간형,담홍,
441,chatot,페라페,4,일반,음표포켓몬,FALSE,FALSE,FALSE,FALSE,FALSE,FALSE,FALSE,2,노말,비행,0.5,1.9,3,날카로운눈,갈지자걸음,부풀린가슴,411,76,65,45,92,42,91,4,1,비행,,단익형,검정,
442,spiritomb,화강돌,4,일반,봉인포켓몬,FALSE,FALSE,FALSE,FALSE,FALSE,FALSE,FALSE,2,고스트,악,1,108,2,프레셔,,틈새포착,485,50,92,108,92,108,35,2,1,부정형,,기둥형,보라,
443,gible,딥상어동,4,일반,육지상어포켓몬,FALSE,FALSE,FALSE,FALSE,FALSE,FALSE,FALSE,2,드래곤,땅,0.7,20.5,2,모래숨기,,까칠한피부,300,58,70,45,40,45,42,1,2,괴수,드래곤,이족꼬리형,파랑,
444,gabite,한바이트,4,일반,동굴포켓몬,FALSE,FALSE,FALSE,FALSE,FALSE,FALSE,FALSE,2,드래곤,땅,1.4,56,2,모래숨기,,까칠한피부,410,68,90,65,50,55,82,1,2,괴수,드래곤,이족꼬리형,파랑,
445,garchomp,한카리아스,4,일반,마하포켓몬,FALSE,FALSE,FALSE,FALSE,FALSE,FALSE,FALSE,2,드래곤,땅,1.9,95,2,모래숨기,,까칠한피부,600,108,130,95,80,85,102,1,2,괴수,드래곤,이족꼬리형,파랑,
445,garchomp-mega,메가한카리아스,4,일반,마하포켓몬,FALSE,FALSE,FALSE,FALSE,TRUE,FALSE,FALSE,2,드래곤,땅,1.9,95,1,모래의힘,,,700,108,170,115,120,95,92,1,2,괴수,드래곤,이족꼬리형,파랑,
445,garchomp-mega-z,메가한카리아스Z,4,일반,마하포켓몬,FALSE,FALSE,FALSE,FALSE,TRUE,FALSE,FALSE,1,드래곤,,1.9,99,2,모래숨기,,,700,108,130,85,141,85,151,1,2,괴수,드래곤,이족꼬리형,파랑,https://static.wikia.nocookie.net/analisi-pokemon/images/f/f5/MegaGarchomp_Z.png/revision/latest/scale-to-width-down/1000?cb=20251215170649&path-prefix=it
446,munchlax,먹고자,4,일반,대식가포켓몬,FALSE,FALSE,FALSE,FALSE,FALSE,FALSE,FALSE,1,노말,,0.6,105,3,픽업,두꺼운지방,먹보,390,135,85,40,40,85,5,1,1,알미발견,,인간형,검정,
447,riolu,리오르,4,일반,파문포켓몬,FALSE,FALSE,FALSE,FALSE,FALSE,FALSE,FALSE,1,격투,,0.7,20.2,3,불굴의마음,정신력,짓궂은마음,285,40,70,40,35,40,60,4,1,알미발견,,이족꼬리형,파랑,
448,lucario,루카리오,4,일반,파동포켓몬,FALSE,FALSE,FALSE,FALSE,FALSE,FALSE,FALSE,2,격투,강철,1.2,54,3,불굴의마음,정신력,정의의마음,525,70,110,70,115,70,90,4,2,육상,인간형,이족꼬리형,파랑,
448,lucario-mega,메가루카리오,4,일반,파동포켓몬,FALSE,FALSE,FALSE,FALSE,TRUE,FALSE,FALSE,2,격투,강철,1.3,57.5,1,적응력,,,625,70,145,88,140,70,112,4,2,육상,인간형,이족꼬리형,파랑,
448,lucario-mega-z,메가루카리오Z,4,일반,파동포켓몬,FALSE,FALSE,FALSE,FALSE,TRUE,FALSE,FALSE,2,격투,강철,1.3,49.4,3,불굴의마음,정신력,,625,70,100,70,164,70,151,4,2,육상,인간형,이족꼬리형,회색,https://data1.pokemonkorea.co.kr/newdata/pokedex/full/044803.png
449,hippopotas,히포포타스,4,일반,하마포켓몬,FALSE,FALSE,FALSE,FALSE,FALSE,FALSE,FALSE,1,땅,,0.8,49.5,2,모래날림,,모래의힘,330,68,72,78,38,42,32,1,1,육상,,사족형,갈색,
450,hippowdon,하마돈,4,일반,중량포켓몬,FALSE,FALSE,FALSE,FALSE,FALSE,FALSE,FALSE,1,땅,,2,300,2,모래날림,,모래의힘,525,108,112,118,68,72,47,1,1,육상,,사족형,갈색,
451,skorupi,스콜피,4,일반,전갈포켓몬,FALSE,FALSE,FALSE,FALSE,FALSE,FALSE,FALSE,2,독,벌레,0.8,12,3,전투무장,스나이퍼,날카로운눈,330,40,50,90,30,55,65,1,2,벌레,수중 3,곤충형,보라,
452,drapion,드래피온,4,일반,요괴전갈포켓몬,FALSE,FALSE,FALSE,FALSE,FALSE,FALSE,FALSE,2,독,악,1.3,61.5,3,전투무장,스나이퍼,날카로운눈,500,70,90,110,60,75,95,1,2,벌레,수중 3,곤충형,보라,
453,croagunk,삐딱구리,4,일반,독설포켓몬,FALSE,FALSE,FALSE,FALSE,FALSE,FALSE,FALSE,2,독,격투,0.7,23,3,위험예지,건조피부,독수,300,48,61,40,61,40,50,2,1,인간형,,인간형,파랑,
454,toxicroak,독개굴,4,일반,독설포켓몬,FALSE,FALSE,FALSE,FALSE,FALSE,FALSE,FALSE,2,독,격투,1.3,44.4,3,위험예지,건조피부,독수,490,83,106,65,86,65,85,2,1,인간형,,인간형,파랑,
455,carnivine,무스틈니,4,일반,벌레잡이포켓몬,FALSE,FALSE,FALSE,FALSE,FALSE,FALSE,FALSE,1,풀,,1.4,27,1,부유,,,454,74,100,72,90,72,46,1,1,식물,,다족형,초록,
456,finneon,형광어,4,일반,비어포켓몬,FALSE,FALSE,FALSE,FALSE,FALSE,FALSE,FALSE,1,물,,0.4,7,3,쓱쓱,마중물,수의베일,330,49,49,56,49,61,66,5,1,수중 2,,물고기형,파랑,
457,lumineon,네오라이트,4,일반,네온포켓몬,FALSE,FALSE,FALSE,FALSE,FALSE,FALSE,FALSE,1,물,,1.2,24,3,쓱쓱,마중물,수의베일,460,69,69,76,69,86,91,5,1,수중 2,,물고기형,파랑,
458,mantyke,타만타,4,일반,연포켓몬,FALSE,FALSE,FALSE,FALSE,FALSE,FALSE,FALSE,2,물,비행,1,65,3,쓱쓱,저수,수의베일,345,45,20,50,60,120,50,1,1,알미발견,,단익형,파랑,
459,snover,눈쓰개,4,일반,얼음나무포켓몬,FALSE,FALSE,FALSE,FALSE,FALSE,FALSE,FALSE,2,풀,얼음,1,50.5,2,눈퍼뜨리기,,방음,334,60,62,50,62,60,40,1,2,괴수,식물,이족꼬리형,하양,
460,abomasnow,눈설왕,4,일반,얼음나무포켓몬,FALSE,FALSE,FALSE,FALSE,FALSE,FALSE,FALSE,2,풀,얼음,2.2,135.5,2,눈퍼뜨리기,,방음,494,90,92,75,92,85,60,1,2,괴수,식물,이족꼬리형,하양,
460,abomasnow-mega,메가눈설왕,4,일반,얼음나무포켓몬,FALSE,FALSE,FALSE,FALSE,TRUE,FALSE,FALSE,2,풀,얼음,2.7,185,1,눈퍼뜨리기,,,594,90,132,105,132,105,30,1,2,괴수,식물,이족꼬리형,하양,
461,weavile,포푸니라,4,일반,갈고리손톱포켓몬,FALSE,FALSE,FALSE,FALSE,FALSE,FALSE,FALSE,2,악,얼음,1.1,34,2,프레셔,,나쁜손버릇,510,70,120,65,45,85,125,4,1,육상,,이족꼬리형,검정,
462,magnezone,자포코일,4,일반,자기장포켓몬,FALSE,FALSE,FALSE,FALSE,FALSE,FALSE,FALSE,2,전기,강철,1.2,180,3,자력,옹골참,애널라이즈,535,70,70,115,130,90,60,2,1,광물,,팔형,회색,
463,lickilicky,내룸벨트,4,일반,핥기포켓몬,FALSE,FALSE,FALSE,FALSE,FALSE,FALSE,FALSE,1,노말,,1.7,140,3,마이페이스,둔감,날씨부정,515,110,85,95,80,95,50,2,1,괴수,,인간형,담홍,
464,rhyperior,거대코뿌리,4,일반,드릴포켓몬,FALSE,FALSE,FALSE,FALSE,FALSE,FALSE,FALSE,2,땅,바위,2.4,282.8,3,피뢰침,하드록,이판사판,535,115,140,130,55,55,40,1,2,괴수,육상,이족꼬리형,회색,
465,tangrowth,덩쿠림보,4,일반,넝쿨포켓몬,FALSE,FALSE,FALSE,FALSE,FALSE,FALSE,FALSE,1,풀,,2,128.6,3,엽록소,리프가드,재생력,535,100,100,125,110,50,50,2,1,식물,,인간형,파랑,
466,electivire,에레키블,4,일반,뇌전포켓몬,FALSE,FALSE,FALSE,FALSE,FALSE,FALSE,FALSE,1,전기,,1.8,138.6,2,전기엔진,,의기양양,540,75,123,67,95,85,95,2,1,인간형,,이족꼬리형,노랑,
467,magmortar,마그마번,4,일반,폭염포켓몬,FALSE,FALSE,FALSE,FALSE,FALSE,FALSE,FALSE,1,불꽃,,1.6,68,2,불꽃몸,,의기양양,540,75,95,67,125,95,83,2,1,인간형,,이족꼬리형,빨강,
468,togekiss,토게키스,4,일반,축복포켓몬,FALSE,FALSE,FALSE,FALSE,FALSE,FALSE,FALSE,2,페어리,비행,1.5,38,3,의욕,하늘의은총,대운,545,85,50,95,120,115,80,3,2,비행,요정,단익형,하양,
469,yanmega,메가자리,4,일반,깨비잠자리포켓몬,FALSE,FALSE,FALSE,FALSE,TRUE,FALSE,FALSE,2,벌레,비행,1.9,51.5,3,가속,색안경,통찰,515,86,76,86,116,56,95,2,1,벌레,,다익형,초록,
470,leafeon,리피아,4,일반,심록포켓몬,FALSE,FALSE,FALSE,FALSE,FALSE,FALSE,FALSE,1,풀,,1,25.5,2,리프가드,,엽록소,525,65,110,130,60,65,95,2,1,육상,,사족형,초록,
471,glaceon,글레이시아,4,일반,신설포켓몬,FALSE,FALSE,FALSE,FALSE,FALSE,FALSE,FALSE,1,얼음,,0.8,25.9,2,눈숨기,,아이스바디,525,65,60,110,130,95,65,2,1,육상,,사족형,파랑,
472,gliscor,글라이온,4,일반,송곳니전갈포켓몬,FALSE,FALSE,FALSE,FALSE,FALSE,FALSE,FALSE,2,땅,비행,2,42.5,3,괴력집게,모래숨기,포이즌힐,510,75,95,125,45,75,95,4,1,벌레,,단익형,보라,
473,mamoswine,맘모꾸리,4,일반,2개송곳니포켓몬,FALSE,FALSE,FALSE,FALSE,FALSE,FALSE,FALSE,2,얼음,땅,2.5,291,3,둔감,눈숨기,두꺼운지방,530,110,130,80,70,60,80,1,1,육상,,사족형,갈색,
474,porygon-z,폴리곤Z,4,일반,가상포켓몬,FALSE,FALSE,FALSE,FALSE,FALSE,FALSE,FALSE,1,노말,,0.9,34,3,적응력,다운로드,애널라이즈,535,85,80,70,135,75,90,2,1,광물,,팔형,빨강,
475,gallade,엘레이드,4,일반,검포켓몬,FALSE,FALSE,FALSE,FALSE,FALSE,FALSE,FALSE,2,에스퍼,격투,1.6,52,3,불굴의마음,예리함,정의의마음,518,68,125,65,65,115,80,1,2,인간형,부정형,인간형,하양,
475,gallade-mega,메가엘레이드,4,일반,검포켓몬,FALSE,FALSE,FALSE,FALSE,TRUE,FALSE,FALSE,2,에스퍼,격투,1.6,56.4,1,정신력,,,618,68,165,95,65,115,110,1,2,인간형,부정형,인간형,하양,
476,probopass,대코파스,4,일반,콤파스포켓몬,FALSE,FALSE,FALSE,FALSE,FALSE,FALSE,FALSE,2,바위,강철,1.4,340,3,옹골참,자력,모래의힘,525,60,55,145,75,150,40,2,1,광물,,군집형,회색,
477,dusknoir,야느와르몽,4,일반,움켜쥠포켓몬,FALSE,FALSE,FALSE,FALSE,FALSE,FALSE,FALSE,1,고스트,,2.2,106.6,2,프레셔,,통찰,525,45,100,135,65,135,45,3,1,부정형,,팔형,검정,
478,froslass,눈여아,4,일반,설국포켓몬,FALSE,FALSE,FALSE,FALSE,FALSE,FALSE,FALSE,2,얼음,고스트,1.3,26.6,2,눈숨기,,저주받은바디,480,70,80,70,80,70,110,2,2,요정,광물,팔형,하양,
478,froslass-mega,메가눈여아,4,일반,설국포켓몬,FALSE,FALSE,FALSE,FALSE,TRUE,FALSE,FALSE,2,얼음,고스트,2.6,29.6,2,눈퍼뜨리기,,,580,70,80,70,140,100,120,2,2,요정,광물,팔형,하양,https://data1.pokemonkorea.co.kr/newdata/pokedex/full/047802.png
479,rotom,로토무,4,일반,플라스마포켓몬,FALSE,FALSE,FALSE,FALSE,FALSE,FALSE,TRUE,2,전기,고스트,0.3,0.3,1,부유,,,440,50,50,77,95,77,91,2,1,부정형,,머리형,빨강,
479,rotom-heat,히트로토무,4,일반,플라스마포켓몬,FALSE,FALSE,FALSE,FALSE,FALSE,FALSE,TRUE,2,전기,불꽃,0.3,0.3,1,부유,,,520,50,65,107,105,107,86,2,1,부정형,,머리형,빨강,
479,rotom-wash,워시로토무,4,일반,플라스마포켓몬,FALSE,FALSE,FALSE,FALSE,FALSE,FALSE,TRUE,2,전기,물,0.3,0.3,1,부유,,,520,50,65,107,105,107,86,2,1,부정형,,머리형,빨강,
479,rotom-frost,프로스트로토무,4,일반,플라스마포켓몬,FALSE,FALSE,FALSE,FALSE,FALSE,FALSE,TRUE,2,전기,얼음,0.3,0.3,1,부유,,,520,50,65,107,105,107,86,2,1,부정형,,머리형,빨강,
479,rotom-fan,스핀로토무,4,일반,플라스마포켓몬,FALSE,FALSE,FALSE,FALSE,FALSE,FALSE,TRUE,2,전기,비행,0.3,0.3,1,부유,,,520,50,65,107,105,107,86,2,1,부정형,,머리형,빨강,
479,rotom-mow,커트로토무,4,일반,플라스마포켓몬,FALSE,FALSE,FALSE,FALSE,FALSE,FALSE,TRUE,2,전기,풀,0.3,0.3,1,부유,,,520,50,65,107,105,107,86,2,1,부정형,,머리형,빨강,
480,uxie,유크시,4,준전설,지식포켓몬,FALSE,FALSE,FALSE,FALSE,FALSE,FALSE,FALSE,1,에스퍼,,0.3,0.3,1,부유,,,580,75,75,130,75,130,95,1,1,알미발견,,이족꼬리형,노랑,
481,mesprit,엠라이트,4,준전설,감정포켓몬,FALSE,FALSE,FALSE,FALSE,FALSE,FALSE,FALSE,1,에스퍼,,0.3,0.3,1,부유,,,580,80,105,105,105,105,80,1,1,알미발견,,이족꼬리형,담홍,
482,azelf,아그놈,4,준전설,의지포켓몬,FALSE,FALSE,FALSE,FALSE,FALSE,FALSE,FALSE,1,에스퍼,,0.3,0.3,1,부유,,,580,75,125,70,125,70,115,1,1,알미발견,,이족꼬리형,파랑,
483,dialga,디아루가,4,전설,시간포켓몬,FALSE,FALSE,FALSE,FALSE,FALSE,FALSE,TRUE,2,강철,드래곤,5.4,683,2,프레셔,,텔레파시,680,100,120,120,150,100,90,1,1,알미발견,,사족형,하양,
483,dialga-origin,디아루가(오리진폼),4,전설,시간포켓몬,FALSE,FALSE,FALSE,FALSE,FALSE,FALSE,TRUE,2,강철,드래곤,7,848.7,2,프레셔,,텔레파시,680,100,100,120,150,120,90,1,1,알미발견,,사족형,파랑,
484,palkia,펄기아,4,전설,공간포켓몬,FALSE,FALSE,FALSE,FALSE,FALSE,FALSE,TRUE,2,물,드래곤,4.2,336,2,프레셔,,텔레파시,680,90,120,100,150,120,100,1,1,알미발견,,이족꼬리형,보라,
484,palkia-origin,펄기아(오리진폼),4,전설,공간포켓몬,FALSE,FALSE,FALSE,FALSE,FALSE,FALSE,TRUE,2,물,드래곤,6.3,659,2,프레셔,,텔레파시,680,90,100,100,150,120,120,1,1,알미발견,,사족형,보라,
485,heatran,히드런,4,준전설,화구포켓몬,FALSE,FALSE,FALSE,FALSE,FALSE,FALSE,FALSE,2,불꽃,강철,1.7,430,2,타오르는불꽃,,불꽃몸,600,91,90,106,130,106,77,1,1,알미발견,,사족형,갈색,
485,heatran-mega,메가히드런,4,준전설,화구포켓몬,FALSE,FALSE,FALSE,FALSE,TRUE,FALSE,FALSE,2,불꽃,강철,2.8,570,2,타오르는불꽃,,,700,91,120,106,175,141,67,1,1,알미발견,,사족형,갈색,https://data1.pokemonkorea.co.kr/newdata/pokedex/full/048502.png
486,regigigas,레지기가스,4,준전설,거대포켓몬,FALSE,FALSE,FALSE,FALSE,FALSE,FALSE,FALSE,1,노말,,3.7,420,1,슬로스타트,,,670,110,160,110,80,110,100,1,1,알미발견,,인간형,하양,
487,giratina-altered,기라티나,4,전설,반골포켓몬,FALSE,FALSE,FALSE,FALSE,FALSE,FALSE,TRUE,2,고스트,드래곤,4.5,750,2,프레셔,,텔레파시,680,150,100,120,100,120,90,1,1,알미발견,,다족형,검정,
487,giratina-origin,기라티나(오리진폼),4,전설,반골포켓몬,FALSE,FALSE,FALSE,FALSE,FALSE,FALSE,TRUE,2,고스트,드래곤,6.9,650,1,부유,,,680,150,120,100,120,100,90,1,1,알미발견,,뱀형,검정,
488,cresselia,크레세리아,4,준전설,초승달포켓몬,FALSE,FALSE,FALSE,FALSE,FALSE,FALSE,FALSE,1,에스퍼,,1.5,85.6,1,부유,,,580,120,70,110,75,120,85,1,1,알미발견,,뱀형,노랑,
489,phione,피오네,4,환상,해양포켓몬,FALSE,FALSE,FALSE,FALSE,FALSE,FALSE,FALSE,1,물,,0.4,3.1,1,촉촉바디,,,480,80,80,80,80,80,80,1,2,수중 1,요정,팔형,파랑,
490,manaphy,마나피,4,환상,회유포켓몬,FALSE,FALSE,FALSE,FALSE,FALSE,FALSE,FALSE,1,물,,0.3,1.4,1,촉촉바디,,,600,100,100,100,100,100,100,1,2,수중 1,요정,인간형,파랑,
491,darkrai,다크라이,4,환상,암흑포켓몬,FALSE,FALSE,FALSE,FALSE,FALSE,FALSE,FALSE,1,악,,1.5,50.5,1,나이트메어,,,600,70,90,90,135,90,125,1,1,알미발견,,인간형,검정,
491,darkrai-mega,메가다크라이,4,환상,암흑포켓몬,FALSE,FALSE,FALSE,FALSE,TRUE,FALSE,FALSE,1,악,,3,240,1,나이트메어,,,700,70,120,130,165,130,85,1,1,알미발견,,팔형,검정,https://data1.pokemonkorea.co.kr/newdata/pokedex/full/049102.png
492,shaymin-land,쉐이미,4,환상,감사포켓몬,FALSE,FALSE,FALSE,FALSE,FALSE,FALSE,TRUE,1,풀,,0.2,2.1,1,자연회복,,,600,100,100,100,100,100,100,4,1,알미발견,,사족형,초록,
492,shaymin-sky,쉐이미(스카이폼),4,환상,감사포켓몬,FALSE,FALSE,FALSE,FALSE,FALSE,FALSE,TRUE,2,풀,비행,0.4,5.2,1,하늘의은총,,,600,100,103,75,120,75,127,4,1,알미발견,,사족형,초록,
493,arceus,아르세우스,4,환상,창조포켓몬,FALSE,FALSE,FALSE,FALSE,FALSE,FALSE,TRUE,1,노말,,3.2,320,1,멀티타입,,,720,120,120,120,120,120,120,1,1,알미발견,,사족형,하양,
494,victini,비크티니,5,환상,승리포켓몬,FALSE,FALSE,FALSE,FALSE,FALSE,FALSE,FALSE,2,에스퍼,불꽃,0.4,4,1,승리의별,,,600,100,100,100,100,100,100,1,1,알미발견,,인간형,노랑,
495,snivy,주리비얀,5,일반,풀뱀포켓몬,FALSE,FALSE,FALSE,FALSE,FALSE,FALSE,FALSE,1,풀,,0.6,8.1,2,심록,,심술꾸러기,308,45,45,55,45,55,63,4,2,육상,식물,이족꼬리형,초록,
496,servine,샤비,5,일반,풀뱀포켓몬,FALSE,FALSE,FALSE,FALSE,FALSE,FALSE,FALSE,1,풀,,0.8,16,2,심록,,심술꾸러기,413,60,60,75,60,75,83,4,2,육상,식물,이족꼬리형,초록,
497,serperior,샤로다,5,일반,로열포켓몬,FALSE,FALSE,FALSE,FALSE,FALSE,FALSE,FALSE,1,풀,,3.3,63,2,심록,,심술꾸러기,528,75,75,95,75,95,113,4,2,육상,식물,뱀형,초록,
498,tepig,뚜꾸리,5,일반,불돼지포켓몬,FALSE,FALSE,FALSE,FALSE,FALSE,FALSE,FALSE,1,불꽃,,0.5,9.9,2,맹화,,두꺼운지방,308,65,63,45,45,45,45,4,1,육상,,사족형,빨강,
499,pignite,차오꿀,5,일반,불돼지포켓몬,FALSE,FALSE,FALSE,FALSE,FALSE,FALSE,FALSE,2,불꽃,격투,1,55.5,2,맹화,,두꺼운지방,418,90,93,55,70,55,55,4,1,육상,,이족꼬리형,빨강,
500,emboar,염무왕,5,일반,큰불돼지포켓몬,FALSE,FALSE,FALSE,FALSE,FALSE,FALSE,FALSE,2,불꽃,격투,1.6,150,2,맹화,,이판사판,528,110,123,65,100,65,65,4,1,육상,,이족꼬리형,빨강,
500,emboar-mega,메가염무왕,5,일반,큰불돼지포켓몬,FALSE,FALSE,FALSE,FALSE,TRUE,FALSE,FALSE,2,불꽃,격투,1.8,180.3,2,틀깨기,,,628,110,148,75,110,110,75,4,1,육상,,이족꼬리형,빨강,https://data1.pokemonkorea.co.kr/newdata/pokedex/full/050002.png
501,oshawott,수댕이,5,일반,해달포켓몬,FALSE,FALSE,FALSE,FALSE,FALSE,FALSE,FALSE,1,물,,0.5,5.9,2,급류,,조가비갑옷,308,55,55,45,63,45,45,4,1,육상,,이족꼬리형,파랑,
502,dewott,쌍검자비,5,일반,수행포켓몬,FALSE,FALSE,FALSE,FALSE,FALSE,FALSE,FALSE,1,물,,0.8,24.5,2,급류,,조가비갑옷,413,75,75,60,83,60,60,4,1,육상,,이족꼬리형,파랑,
503,samurott,대검귀,5,일반,관록포켓몬,FALSE,FALSE,FALSE,FALSE,FALSE,FALSE,FALSE,1,물,,1.5,94.6,2,급류,,조가비갑옷,528,95,100,85,108,70,70,4,1,육상,,사족형,파랑,
503,samurott-hisuian,히스이대검귀,5,일반,관록포켓몬,FALSE,TRUE,FALSE,FALSE,FALSE,FALSE,FALSE,2,물,악,1.5,58.2,2,급류,,예리함,528,90,108,80,100,65,85,4,1,육상,,사족형,파랑,
504,patrat,보르쥐,5,일반,망보기포켓몬,FALSE,FALSE,FALSE,FALSE,FALSE,FALSE,FALSE,1,노말,,0.5,11.6,3,도주,날카로운눈,애널라이즈,255,45,55,39,35,39,42,2,1,육상,,사족형,갈색,
505,watchog,보르그,5,일반,경계포켓몬,FALSE,FALSE,FALSE,FALSE,FALSE,FALSE,FALSE,1,노말,,1.1,27,3,발광,날카로운눈,애널라이즈,420,60,85,69,60,69,77,2,1,육상,,이족꼬리형,갈색,
506,lillipup,요테리,5,일반,강아지포켓몬,FALSE,FALSE,FALSE,FALSE,FALSE,FALSE,FALSE,1,노말,,0.4,4.1,3,의기양양,픽업,도주,275,45,60,45,25,45,55,4,1,육상,,사족형,갈색,
507,herdier,하데리어,5,일반,충견포켓몬,FALSE,FALSE,FALSE,FALSE,FALSE,FALSE,FALSE,1,노말,,0.9,14.7,3,위협,모래헤치기,배짱,370,65,80,65,35,65,60,4,1,육상,,사족형,회색,
508,stoutland,바랜드,5,일반,관대포켓몬,FALSE,FALSE,FALSE,FALSE,FALSE,FALSE,FALSE,1,노말,,1.2,61,3,위협,모래헤치기,배짱,500,85,110,90,45,90,80,4,1,육상,,사족형,회색,
509,purrloin,쌔비냥,5,일반,성악포켓몬,FALSE,FALSE,FALSE,FALSE,FALSE,FALSE,FALSE,1,악,,0.4,10.1,3,유연,곡예,짓궂은마음,281,41,50,37,50,37,66,2,1,육상,,사족형,보라,
510,liepard,레파르다스,5,일반,냉혹포켓몬,FALSE,FALSE,FALSE,FALSE,FALSE,FALSE,FALSE,1,악,,1.1,37.5,3,유연,곡예,짓궂은마음,446,64,88,50,88,50,106,2,1,육상,,사족형,보라,
511,pansage,야나프,5,일반,풀원숭이포켓몬,FALSE,FALSE,FALSE,FALSE,FALSE,FALSE,FALSE,1,풀,,0.6,10.5,2,먹보,,심록,316,50,53,48,53,48,64,2,1,육상,,이족꼬리형,초록,
512,simisage,야나키,5,일반,가시원숭이포켓몬,FALSE,FALSE,FALSE,FALSE,FALSE,FALSE,FALSE,1,풀,,1.1,30.5,2,먹보,,심록,498,75,98,63,98,63,101,2,1,육상,,이족꼬리형,초록,
513,pansear,바오프,5,일반,고온포켓몬,FALSE,FALSE,FALSE,FALSE,FALSE,FALSE,FALSE,1,불꽃,,0.6,11,2,먹보,,맹화,316,50,53,48,53,48,64,2,1,육상,,이족꼬리형,빨강,
514,simisear,바오키,5,일반,불티포켓몬,FALSE,FALSE,FALSE,FALSE,FALSE,FALSE,FALSE,1,불꽃,,1,28,2,먹보,,맹화,498,75,98,63,98,63,101,2,1,육상,,이족꼬리형,빨강,
515,panpour,앗차프,5,일반,물뿌리기포켓몬,FALSE,FALSE,FALSE,FALSE,FALSE,FALSE,FALSE,1,물,,0.6,13.5,2,먹보,,급류,316,50,53,48,53,48,64,2,1,육상,,이족꼬리형,파랑,
516,simipour,앗차키,5,일반,방수포켓몬,FALSE,FALSE,FALSE,FALSE,FALSE,FALSE,FALSE,1,물,,1,29,2,먹보,,급류,498,75,98,63,98,63,101,2,1,육상,,이족꼬리형,파랑,
517,munna,몽나,5,일반,꿈먹기포켓몬,FALSE,FALSE,FALSE,FALSE,FALSE,FALSE,FALSE,1,에스퍼,,0.6,23.3,3,예지몽,싱크로,텔레파시,292,76,25,45,67,55,24,3,1,육상,,사족형,담홍,
518,musharna,몽얌나,5,일반,꿈결포켓몬,FALSE,FALSE,FALSE,FALSE,FALSE,FALSE,FALSE,1,에스퍼,,1.1,60.5,3,예지몽,싱크로,텔레파시,487,116,55,85,107,95,29,3,1,육상,,인간형,담홍,
519,pidove,콩둘기,5,일반,아기비둘기포켓몬,FALSE,FALSE,FALSE,FALSE,FALSE,FALSE,FALSE,2,노말,비행,0.3,2.1,3,부풀린가슴,대운,투쟁심,264,50,55,50,36,30,43,4,1,비행,,단익형,회색,
520,tranquill,유토브,5,일반,들비둘기포켓몬,FALSE,FALSE,FALSE,FALSE,FALSE,FALSE,FALSE,2,노말,비행,0.6,15,3,부풀린가슴,대운,투쟁심,358,62,77,62,50,42,65,4,1,비행,,단익형,회색,
521,unfezant,켄호로우,5,일반,프라이드포켓몬,FALSE,FALSE,FALSE,FALSE,FALSE,FALSE,FALSE,2,노말,비행,1.2,29,3,부풀린가슴,대운,투쟁심,488,80,115,80,65,55,93,4,1,비행,,단익형,회색,
522,blitzle,줄뮤마,5,일반,하전포켓몬,FALSE,FALSE,FALSE,FALSE,FALSE,FALSE,FALSE,1,전기,,0.8,29.8,3,피뢰침,전기엔진,초식,295,45,60,32,50,32,76,2,1,육상,,사족형,검정,
523,zebstrika,제브라이카,5,일반,뇌전포켓몬,FALSE,FALSE,FALSE,FALSE,FALSE,FALSE,FALSE,1,전기,,1.6,79.5,3,피뢰침,전기엔진,초식,497,75,100,63,80,63,116,2,1,육상,,사족형,검정,
524,roggenrola,단굴,5,일반,맨틀포켓몬,FALSE,FALSE,FALSE,FALSE,FALSE,FALSE,FALSE,1,바위,,0.4,18,3,옹골참,깨어진갑옷,모래의힘,280,55,75,85,25,25,15,4,1,광물,,다리형,파랑,
525,boldore,암트르,5,일반,광석포켓몬,FALSE,FALSE,FALSE,FALSE,FALSE,FALSE,FALSE,1,바위,,0.9,102,3,옹골참,깨어진갑옷,모래의힘,390,70,105,105,50,40,20,4,1,광물,,다족형,파랑,
526,gigalith,기가이어스,5,일반,고압포켓몬,FALSE,FALSE,FALSE,FALSE,FALSE,FALSE,FALSE,1,바위,,1.7,260,3,옹골참,모래날림,모래의힘,515,85,135,130,60,80,25,4,1,광물,,다족형,파랑,
527,woobat,또르박쥐,5,일반,박쥐포켓몬,FALSE,FALSE,FALSE,FALSE,FALSE,FALSE,FALSE,2,에스퍼,비행,0.4,2.1,3,천진,서투름,단순,323,65,45,43,55,43,72,2,2,육상,비행,단익형,파랑,
528,swoobat,맘박쥐,5,일반,구애포켓몬,FALSE,FALSE,FALSE,FALSE,FALSE,FALSE,FALSE,2,에스퍼,비행,0.9,10.5,3,천진,서투름,단순,425,67,57,55,77,55,114,2,2,육상,비행,단익형,파랑,
529,drilbur,두더류,5,일반,두더지포켓몬,FALSE,FALSE,FALSE,FALSE,FALSE,FALSE,FALSE,1,땅,,0.3,8.5,3,모래헤치기,모래의힘,틀깨기,328,60,85,40,30,45,68,2,1,육상,,이족꼬리형,회색,
530,excadrill,몰드류,5,일반,땅밑포켓몬,FALSE,FALSE,FALSE,FALSE,FALSE,FALSE,FALSE,2,땅,강철,0.7,40.4,3,모래헤치기,모래의힘,틀깨기,508,110,135,60,50,65,88,2,1,육상,,인간형,회색,
530,excadrill-mega,메가몰드류,5,일반,땅밑포켓몬,FALSE,FALSE,FALSE,FALSE,TRUE,FALSE,FALSE,2,땅,강철,0.9,60,3,모래헤치기,모래의힘,,608,110,165,100,65,65,103,2,1,육상,,인간형,회색,https://data1.pokemonkorea.co.kr/newdata/pokedex/full/053002.png
531,audino,다부니,5,일반,히어링포켓몬,FALSE,FALSE,FALSE,FALSE,FALSE,FALSE,FALSE,1,노말,,1.1,31,3,치유의마음,재생력,서투름,445,103,60,86,60,86,50,3,1,요정,,이족꼬리형,담홍,
531,audino-mega,메가다부니,5,일반,히어링포켓몬,FALSE,FALSE,FALSE,FALSE,TRUE,FALSE,FALSE,2,노말,페어리,1.5,32,1,치유의마음,,,545,103,60,126,80,126,50,3,1,요정,,이족꼬리형,하양,
532,timburr,으랏차,5,일반,근골포켓몬,FALSE,FALSE,FALSE,FALSE,FALSE,FALSE,FALSE,1,격투,,0.6,12.5,3,근성,우격다짐,철주먹,305,75,80,55,25,35,35,4,1,인간형,,인간형,회색,
533,gurdurr,토쇠골,5,일반,근골포켓몬,FALSE,FALSE,FALSE,FALSE,FALSE,FALSE,FALSE,1,격투,,1.2,40,3,근성,우격다짐,철주먹,405,85,105,85,40,50,40,4,1,인간형,,인간형,회색,
534,conkeldurr,노보청,5,일반,근골포켓몬,FALSE,FALSE,FALSE,FALSE,FALSE,FALSE,FALSE,1,격투,,1.4,87,3,근성,우격다짐,철주먹,505,105,140,95,55,65,45,4,1,인간형,,인간형,갈색,
535,tympole,동챙이,5,일반,올챙이포켓몬,FALSE,FALSE,FALSE,FALSE,FALSE,FALSE,FALSE,1,물,,0.5,4.5,3,쓱쓱,촉촉바디,저수,294,50,50,40,50,40,64,4,1,수중 1,,물고기형,파랑,
536,palpitoad,두까비,5,일반,진동포켓몬,FALSE,FALSE,FALSE,FALSE,FALSE,FALSE,FALSE,2,물,땅,0.8,17,3,쓱쓱,촉촉바디,저수,384,75,65,55,65,55,69,4,1,수중 1,,이족꼬리형,파랑,
537,seismitoad,두빅굴,5,일반,진동포켓몬,FALSE,FALSE,FALSE,FALSE,FALSE,FALSE,FALSE,2,물,땅,1.5,62,3,쓱쓱,독수,저수,509,105,95,75,85,75,74,4,1,수중 1,,인간형,파랑,
538,throh,던지미,5,일반,유도포켓몬,FALSE,FALSE,FALSE,FALSE,FALSE,FALSE,FALSE,1,격투,,1.3,55.5,3,근성,정신력,틀깨기,465,120,100,85,30,85,45,2,1,인간형,,인간형,빨강,
539,sawk,타격귀,5,일반,태권도포켓몬,FALSE,FALSE,FALSE,FALSE,FALSE,FALSE,FALSE,1,격투,,1.4,51,3,옹골참,정신력,틀깨기,465,75,125,75,30,75,85,2,1,인간형,,인간형,파랑,
540,sewaddle,두르보,5,일반,재봉포켓몬,FALSE,FALSE,FALSE,FALSE,FALSE,FALSE,FALSE,2,벌레,풀,0.3,2.5,3,벌레의알림,엽록소,방진,310,45,53,70,40,60,42,4,1,벌레,,곤충형,노랑,
541,swadloon,두르쿤,5,일반,잎숨기포켓몬,FALSE,FALSE,FALSE,FALSE,FALSE,FALSE,FALSE,2,벌레,풀,0.5,7.3,3,리프가드,엽록소,방진,380,55,63,90,50,80,42,4,1,벌레,,팔형,초록,
542,leavanny,모아머,5,일반,육아포켓몬,FALSE,FALSE,FALSE,FALSE,FALSE,FALSE,FALSE,2,벌레,풀,1.2,20.5,3,벌레의알림,엽록소,방진,500,75,103,80,70,80,92,4,1,벌레,,인간형,노랑,
543,venipede,마디네,5,일반,지네포켓몬,FALSE,FALSE,FALSE,FALSE,FALSE,FALSE,FALSE,2,벌레,독,0.4,5.3,3,독가시,벌레의알림,가속,260,30,45,59,30,39,57,4,1,벌레,,곤충형,빨강,
544,whirlipede,휠구,5,일반,눈썹지네포켓몬,FALSE,FALSE,FALSE,FALSE,FALSE,FALSE,FALSE,2,벌레,독,1.2,58.5,3,독가시,벌레의알림,가속,360,40,55,99,40,79,47,4,1,벌레,,머리형,회색,
545,scolipede,펜드라,5,일반,메가지네포켓몬,FALSE,FALSE,FALSE,FALSE,FALSE,FALSE,FALSE,2,벌레,독,2.5,200.5,3,독가시,벌레의알림,가속,485,60,100,89,55,69,112,4,1,벌레,,곤충형,빨강,
545,scolipede-mega,메가펜드라,5,일반,메가지네포켓몬,FALSE,FALSE,FALSE,FALSE,TRUE,FALSE,FALSE,2,벌레,독,3.2,230.5,3,독가시,벌레의알림,,585,60,140,149,75,99,62,4,1,벌레,,곤충형,보라,https://data1.pokemonkorea.co.kr/newdata/pokedex/full/054502.png
546,cottonee,소미안,5,일반,솜뭉치포켓몬,FALSE,FALSE,FALSE,FALSE,FALSE,FALSE,FALSE,2,풀,페어리,0.3,0.6,3,짓궂은마음,틈새포착,엽록소,280,40,27,60,37,50,66,2,2,식물,요정,머리형,초록,
547,whimsicott,엘풍,5,일반,바람숨기포켓몬,FALSE,FALSE,FALSE,FALSE,FALSE,FALSE,FALSE,2,풀,페어리,0.7,6.6,3,짓궂은마음,틈새포착,엽록소,480,60,67,85,77,75,116,2,2,식물,요정,인간형,초록,
548,petilil,치릴리,5,일반,뿌리포켓몬,FALSE,FALSE,FALSE,FALSE,FALSE,FALSE,FALSE,1,풀,,0.5,6.6,3,엽록소,마이페이스,리프가드,280,45,35,50,70,50,30,2,1,식물,,기둥형,초록,
549,lilligant,드레디어,5,일반,꽃장식포켓몬,FALSE,FALSE,FALSE,FALSE,FALSE,FALSE,FALSE,1,풀,,1.1,16.3,3,엽록소,마이페이스,리프가드,480,70,60,75,110,75,90,2,1,식물,,기둥형,초록,
549,lilligant-hisuian,히스이드레디어,5,일반,꽃장식포켓몬,FALSE,TRUE,FALSE,FALSE,FALSE,FALSE,FALSE,2,풀,격투,1.2,19.2,3,엽록소,의욕,리프가드,480,70,105,75,50,75,105,2,1,식물,,기둥형,초록,
550,basculin-red-striped,배쓰나이(적색근의모습),5,일반,흉포포켓몬,FALSE,FALSE,FALSE,FALSE,FALSE,FALSE,TRUE,1,물,,1,18,3,이판사판,적응력,틀깨기,460,70,92,65,80,55,98,2,1,수중 2,,물고기형,초록,
550,basculin-blue-striped,배쓰나이(청색근의모습),5,일반,흉포포켓몬,FALSE,FALSE,FALSE,FALSE,FALSE,FALSE,TRUE,1,물,,1,18,3,돌머리,적응력,틀깨기,460,70,92,65,80,55,98,2,1,수중 2,,물고기형,초록,
550,basculin-white-striped,배쓰나이(백색근의모습),5,일반,흉포포켓몬,FALSE,FALSE,FALSE,FALSE,FALSE,FALSE,TRUE,1,물,,1,18,3,주눅,적응력,틀깨기,460,70,92,65,80,55,98,2,1,수중 2,,물고기형,초록,
551,sandile,깜눈크,5,일반,사막악어포켓몬,FALSE,FALSE,FALSE,FALSE,FALSE,FALSE,FALSE,2,땅,악,0.7,15.2,3,위협,자기과신,분노의경혈,292,50,72,35,35,35,65,4,1,육상,,사족형,갈색,
552,krokorok,악비르,5,일반,사막악어포켓몬,FALSE,FALSE,FALSE,FALSE,FALSE,FALSE,FALSE,2,땅,악,1,33.4,3,위협,자기과신,분노의경혈,351,60,82,45,45,45,74,4,1,육상,,사족형,갈색,
553,krookodile,악비아르,5,일반,위협포켓몬,FALSE,FALSE,FALSE,FALSE,FALSE,FALSE,FALSE,2,땅,악,1.5,96.3,3,위협,자기과신,분노의경혈,519,95,117,80,65,70,92,4,1,육상,,이족꼬리형,빨강,
554,darumaka,달막화,5,일반,달마포켓몬,FALSE,FALSE,FALSE,FALSE,FALSE,FALSE,FALSE,1,불꽃,,0.6,37.5,2,의욕,,정신력,315,70,90,45,15,45,50,4,1,육상,,인간형,빨강,
554,darumaka-galarian,가라르달막화,5,일반,달마포켓몬,FALSE,FALSE,TRUE,FALSE,FALSE,FALSE,FALSE,1,얼음,,0.7,40,2,의욕,,정신력,315,70,90,45,15,45,50,4,1,육상,,인간형,하양,
555,darmanitan-standard,불비달마,5,일반,염상포켓몬,FALSE,FALSE,FALSE,FALSE,FALSE,FALSE,TRUE,1,불꽃,,1.3,92.9,2,우격다짐,,달마모드,480,105,140,55,30,55,95,4,1,육상,,사족형,빨강,
555,darmanitan-zen,불비달마(달마모드),5,일반,염상포켓몬,FALSE,FALSE,FALSE,FALSE,FALSE,FALSE,TRUE,2,불꽃,에스퍼,1.3,92.9,2,우격다짐,,달마모드,540,105,30,105,140,105,55,4,1,육상,,사족형,파랑,
555,darmanitan-galarian-standard,가라르불비달마,5,일반,염상포켓몬,FALSE,FALSE,TRUE,FALSE,FALSE,FALSE,TRUE,1,얼음,,1.7,120,2,무아지경,,달마모드,480,105,140,55,30,55,95,4,1,육상,,사족형,하양,
555,darmanitan-galarian-zen,가라르불비달마(달마모드),5,일반,염상포켓몬,FALSE,FALSE,TRUE,FALSE,FALSE,FALSE,TRUE,2,얼음,불꽃,1.7,120,2,무아지경,,달마모드,540,105,160,55,30,55,135,4,1,육상,,사족형,하양,
556,maractus,마라카치,5,일반,선인장포켓몬,FALSE,FALSE,FALSE,FALSE,FALSE,FALSE,FALSE,1,풀,,1,28,3,저수,엽록소,마중물,461,75,86,67,106,67,60,2,1,식물,,기둥형,초록,
557,dwebble,돌살이,5,일반,돌집포켓몬,FALSE,FALSE,FALSE,FALSE,FALSE,FALSE,FALSE,2,벌레,바위,0.3,14.5,3,옹골참,조가비갑옷,깨어진갑옷,325,50,65,85,35,35,55,2,2,벌레,광물,곤충형,빨강,
558,crustle,암팰리스,5,일반,바위집포켓몬,FALSE,FALSE,FALSE,FALSE,FALSE,FALSE,FALSE,2,벌레,바위,1.4,200,3,옹골참,조가비갑옷,깨어진갑옷,485,70,105,125,65,75,45,2,2,벌레,광물,곤충형,빨강,
559,scraggy,곤율랭,5,일반,탈피포켓몬,FALSE,FALSE,FALSE,FALSE,FALSE,FALSE,FALSE,2,악,격투,0.6,11.8,3,탈피,자기과신,위협,348,50,75,70,35,70,48,2,2,육상,드래곤,이족꼬리형,노랑,
560,scrafty,곤율거니,5,일반,악당포켓몬,FALSE,FALSE,FALSE,FALSE,FALSE,FALSE,FALSE,2,악,격투,1.1,30,3,탈피,자기과신,위협,488,65,90,115,45,115,58,2,2,육상,드래곤,이족꼬리형,빨강,
560,scrafty-mega,메가곤율거니,5,일반,악당포켓몬,FALSE,FALSE,FALSE,FALSE,TRUE,FALSE,FALSE,2,악,격투,1.1,31,3,탈피,자기과신,,588,65,130,135,55,135,68,2,2,육상,드래곤,이족꼬리형,갈색,https://data1.pokemonkorea.co.kr/newdata/pokedex/full/056002.png
561,sigilyph,심보러,5,일반,흡사새포켓몬,FALSE,FALSE,FALSE,FALSE,FALSE,FALSE,FALSE,2,에스퍼,비행,1.4,14,3,미라클스킨,매직가드,색안경,490,72,58,80,103,80,97,2,1,비행,,단익형,검정,
562,yamask,데스마스,5,일반,영혼포켓몬,FALSE,FALSE,FALSE,FALSE,FALSE,FALSE,FALSE,1,고스트,,0.5,1.5,1,미라,,,303,38,30,85,55,65,30,2,2,광물,부정형,팔형,검정,
562,yamask-galarian,가라르데스마스,5,일반,영혼포켓몬,FALSE,FALSE,TRUE,FALSE,FALSE,FALSE,FALSE,2,땅,고스트,0.5,1.5,1,떠도는영혼,,,303,38,55,85,30,65,30,2,2,광물,부정형,팔형,검정,
563,cofagrigus,데스니칸,5,일반,관포켓몬,FALSE,FALSE,FALSE,FALSE,FALSE,FALSE,FALSE,1,고스트,,1.7,76.5,1,미라,,,483,58,50,145,95,105,30,2,2,광물,부정형,기둥형,노랑,
564,tirtouga,프로토가,5,일반,옛날거북포켓몬,FALSE,FALSE,FALSE,FALSE,FALSE,FALSE,FALSE,2,물,바위,0.7,16.5,3,하드록,옹골참,쓱쓱,355,54,78,103,53,45,22,2,2,수중 1,수중 3,사족형,파랑,
565,carracosta,늑골라,5,일반,옛날거북포켓몬,FALSE,FALSE,FALSE,FALSE,FALSE,FALSE,FALSE,2,물,바위,1.2,81,3,하드록,옹골참,쓱쓱,495,74,108,133,83,65,32,2,2,수중 1,수중 3,이족꼬리형,파랑,
566,archen,아켄,5,일반,최초새포켓몬,FALSE,FALSE,FALSE,FALSE,FALSE,FALSE,FALSE,2,바위,비행,0.5,9.5,1,무기력,,,401,55,112,45,74,45,70,2,2,비행,수중 3,단익형,노랑,
567,archeops,아케오스,5,일반,최초새포켓몬,FALSE,FALSE,FALSE,FALSE,FALSE,FALSE,FALSE,2,바위,비행,1.4,32,1,무기력,,,567,75,140,65,112,65,110,2,2,비행,수중 3,단익형,노랑,
568,trubbish,깨봉이,5,일반,쓰레기봉투포켓몬,FALSE,FALSE,FALSE,FALSE,FALSE,FALSE,FALSE,1,독,,0.6,31,3,악취,점착,유폭,329,50,50,62,40,62,65,2,1,광물,,인간형,초록,
569,garbodor,더스트나,5,일반,쓰레기장포켓몬,FALSE,FALSE,FALSE,FALSE,FALSE,TRUE,FALSE,1,독,,1.9,107.3,3,악취,깨어진갑옷,유폭,474,80,95,82,60,82,75,2,1,광물,,인간형,초록,
570,zorua,조로아,5,일반,나쁜여우포켓몬,FALSE,FALSE,FALSE,FALSE,FALSE,FALSE,FALSE,1,악,,0.7,12.5,1,일루전,,,330,40,65,40,80,40,65,4,1,육상,,사족형,회색,
570,zorua-hisuian,히스이조로아,5,일반,나쁜여우포켓몬,FALSE,TRUE,FALSE,FALSE,FALSE,FALSE,FALSE,2,노말,고스트,0.7,12.5,1,일루전,,,330,35,60,40,85,40,70,4,1,육상,,사족형,회색,
571,zoroark,조로아크,5,일반,요괴여우포켓몬,FALSE,FALSE,FALSE,FALSE,FALSE,FALSE,FALSE,1,악,,1.6,81.1,1,일루전,,,510,60,105,60,120,60,105,4,1,육상,,이족꼬리형,회색,
571,zoroark-hisuian,히스이조로아크,5,일반,요괴여우포켓몬,FALSE,TRUE,FALSE,FALSE,FALSE,FALSE,FALSE,2,노말,고스트,1.6,73,1,일루전,,,510,55,100,60,125,60,110,4,1,육상,,이족꼬리형,회색,
572,minccino,치라미,5,일반,친칠라포켓몬,FALSE,FALSE,FALSE,FALSE,FALSE,FALSE,FALSE,1,노말,,0.4,5.8,3,헤롱헤롱바디,테크니션,스킬링크,300,55,50,40,40,40,75,3,1,육상,,사족형,회색,
573,cinccino,치라치노,5,일반,스카프포켓몬,FALSE,FALSE,FALSE,FALSE,FALSE,FALSE,FALSE,1,노말,,0.5,7.5,3,헤롱헤롱바디,테크니션,스킬링크,470,75,95,60,65,60,115,3,1,육상,,사족형,회색,
574,gothita,고디탱,5,일반,응시포켓몬,FALSE,FALSE,FALSE,FALSE,FALSE,FALSE,FALSE,1,에스퍼,,0.4,5.8,3,통찰,승기,그림자밟기,290,45,30,50,55,65,45,4,1,인간형,,인간형,보라,
575,gothorita,고디보미,5,일반,조작포켓몬,FALSE,FALSE,FALSE,FALSE,FALSE,FALSE,FALSE,1,에스퍼,,0.7,18,3,통찰,승기,그림자밟기,390,60,45,70,75,85,55,4,1,인간형,,인간형,보라,
576,gothitelle,고디모아젤,5,일반,천체포켓몬,FALSE,FALSE,FALSE,FALSE,FALSE,FALSE,FALSE,1,에스퍼,,1.5,44,3,통찰,승기,그림자밟기,490,70,55,95,95,110,65,4,1,인간형,,인간형,보라,
577,solosis,유니란,5,일반,세포포켓몬,FALSE,FALSE,FALSE,FALSE,FALSE,FALSE,FALSE,1,에스퍼,,0.3,1,3,방진,매직가드,재생력,290,45,30,40,105,50,20,4,1,부정형,,머리형,초록,
578,duosion,듀란,5,일반,분할포켓몬,FALSE,FALSE,FALSE,FALSE,FALSE,FALSE,FALSE,1,에스퍼,,0.6,8,3,방진,매직가드,재생력,370,65,40,50,125,60,30,4,1,부정형,,머리형,초록,
579,reuniclus,란쿨루스,5,일반,증폭포켓몬,FALSE,FALSE,FALSE,FALSE,FALSE,FALSE,FALSE,1,에스퍼,,1,20.1,3,방진,매직가드,재생력,490,110,65,75,125,85,30,4,1,부정형,,팔형,초록,
580,ducklett,꼬지보리,5,일반,물새포켓몬,FALSE,FALSE,FALSE,FALSE,FALSE,FALSE,FALSE,2,물,비행,0.5,5.5,3,날카로운눈,부풀린가슴,촉촉바디,305,62,44,50,44,50,55,2,2,수중 1,비행,단익형,파랑,
581,swanna,스완나,5,일반,백조포켓몬,FALSE,FALSE,FALSE,FALSE,FALSE,FALSE,FALSE,2,물,비행,1.3,24.2,3,날카로운눈,부풀린가슴,촉촉바디,473,75,87,63,87,63,98,2,2,수중 1,비행,단익형,하양,
582,vanillite,바닐프티,5,일반,신설포켓몬,FALSE,FALSE,FALSE,FALSE,FALSE,FALSE,FALSE,1,얼음,,0.4,5.7,3,아이스바디,눈숨기,깨어진갑옷,305,36,50,50,65,60,44,1,1,광물,,기둥형,하양,
583,vanillish,바닐리치,5,일반,빙설포켓몬,FALSE,FALSE,FALSE,FALSE,FALSE,FALSE,FALSE,1,얼음,,1.1,41,3,아이스바디,눈숨기,깨어진갑옷,395,51,65,65,80,75,59,1,1,광물,,기둥형,하양,
584,vanilluxe,배바닐라,5,일반,블리자드포켓몬,FALSE,FALSE,FALSE,FALSE,FALSE,FALSE,FALSE,1,얼음,,1.3,57.5,3,아이스바디,눈퍼뜨리기,깨어진갑옷,535,71,95,85,110,95,79,1,1,광물,,군집형,하양,
585,deerling,사철록,5,일반,계절포켓몬,FALSE,FALSE,FALSE,FALSE,FALSE,FALSE,TRUE,2,노말,풀,0.6,19.5,3,엽록소,초식,하늘의은총,335,60,60,50,40,50,75,2,1,육상,,사족형,담홍,
586,sawsbuck,바라철록,5,일반,계절포켓몬,FALSE,FALSE,FALSE,FALSE,FALSE,FALSE,TRUE,2,노말,풀,1.9,92.5,3,엽록소,초식,하늘의은총,475,80,100,70,60,70,95,2,1,육상,,사족형,갈색,
587,emolga,에몽가,5,일반,하늘다람쥐포켓몬,FALSE,FALSE,FALSE,FALSE,FALSE,FALSE,FALSE,2,전기,비행,0.4,5,2,정전기,,전기엔진,428,55,75,60,75,60,103,2,1,육상,,사족형,하양,
588,karrablast,딱정곤,5,일반,덥석물기포켓몬,FALSE,FALSE,FALSE,FALSE,FALSE,FALSE,FALSE,1,벌레,,0.5,5.9,3,벌레의알림,탈피,노가드,315,50,75,45,40,45,60,2,1,벌레,,인간형,파랑,
589,escavalier,슈바르고,5,일반,기병포켓몬,FALSE,FALSE,FALSE,FALSE,FALSE,FALSE,FALSE,2,벌레,강철,1,33,3,벌레의알림,조가비갑옷,방진,495,70,135,105,60,105,20,2,1,벌레,,팔형,회색,
590,foongus,깜놀버슬,5,일반,버섯포켓몬,FALSE,FALSE,FALSE,FALSE,FALSE,FALSE,FALSE,2,풀,독,0.2,1,2,포자,,재생력,294,69,55,45,55,55,15,2,1,식물,,팔형,하양,
591,amoonguss,뽀록나,5,일반,버섯포켓몬,FALSE,FALSE,FALSE,FALSE,FALSE,FALSE,FALSE,2,풀,독,0.6,10.5,2,포자,,재생력,464,114,85,70,85,80,30,2,1,식물,,팔형,하양,
592,frillish,탱그릴,5,일반,부유포켓몬,FALSE,FALSE,FALSE,FALSE,FALSE,FALSE,FALSE,2,물,고스트,1.2,33,3,저수,저주받은바디,습기,335,55,40,50,65,85,40,2,1,부정형,,다족형,하양,
593,jellicent,탱탱겔,5,일반,부유포켓몬,FALSE,FALSE,FALSE,FALSE,FALSE,FALSE,FALSE,2,물,고스트,2.2,135,3,저수,저주받은바디,습기,480,100,60,70,85,105,60,2,1,부정형,,다족형,하양,
594,alomomola,맘복치,5,일반,돌보기포켓몬,FALSE,FALSE,FALSE,FALSE,FALSE,FALSE,FALSE,1,물,,1.2,31.6,3,치유의마음,촉촉바디,재생력,470,165,75,80,40,45,65,3,2,수중 1,수중 2,물고기형,담홍,
595,joltik,파쪼옥,5,일반,들러붙기포켓몬,FALSE,FALSE,FALSE,FALSE,FALSE,FALSE,FALSE,2,벌레,전기,0.1,0.6,3,복안,긴장감,벌레의알림,319,50,47,50,57,50,65,2,1,벌레,,곤충형,노랑,
596,galvantula,전툴라,5,일반,전기거미포켓몬,FALSE,FALSE,FALSE,FALSE,FALSE,FALSE,FALSE,2,벌레,전기,0.8,14.3,3,복안,긴장감,벌레의알림,472,70,77,60,97,60,108,2,1,벌레,,곤충형,노랑,
597,ferroseed,철시드,5,일반,가시열매포켓몬,FALSE,FALSE,FALSE,FALSE,FALSE,FALSE,FALSE,2,풀,강철,0.6,18.8,1,철가시,,,305,44,50,91,24,86,10,2,2,식물,광물,머리형,회색,
598,ferrothorn,너트령,5,일반,가시공포켓몬,FALSE,FALSE,FALSE,FALSE,FALSE,FALSE,FALSE,2,풀,강철,1,110,2,철가시,,위험예지,489,74,94,131,54,116,20,2,2,식물,광물,다족형,회색,
599,klink,기어르,5,일반,톱니바퀴포켓몬,FALSE,FALSE,FALSE,FALSE,FALSE,FALSE,FALSE,1,강철,,0.3,21,3,플러스,마이너스,클리어바디,300,40,55,70,45,60,30,4,1,광물,,군집형,회색,
600,klang,기기어르,5,일반,톱니바퀴포켓몬,FALSE,FALSE,FALSE,FALSE,FALSE,FALSE,FALSE,1,강철,,0.6,51,3,플러스,마이너스,클리어바디,440,60,80,95,70,85,50,4,1,광물,,군집형,회색,
601,klinklang,기기기어르,5,일반,톱니바퀴포켓몬,FALSE,FALSE,FALSE,FALSE,FALSE,FALSE,FALSE,1,강철,,0.6,81,3,플러스,마이너스,클리어바디,520,60,100,115,70,85,90,4,1,광물,,군집형,회색,
602,tynamo,저리어,5,일반,전기물고기포켓몬,FALSE,FALSE,FALSE,FALSE,FALSE,FALSE,FALSE,1,전기,,0.2,0.3,1,부유,,,275,35,55,40,45,40,60,1,1,부정형,,물고기형,하양,
603,eelektrik,저리릴,5,일반,전기물고기포켓몬,FALSE,FALSE,FALSE,FALSE,FALSE,FALSE,FALSE,1,전기,,1.2,22,1,부유,,,405,65,85,70,75,70,40,1,1,부정형,,물고기형,파랑,
604,eelektross,저리더프,5,일반,전기물고기포켓몬,FALSE,FALSE,FALSE,FALSE,FALSE,FALSE,FALSE,1,전기,,2.1,80.5,1,부유,,,515,85,115,80,105,80,50,1,1,부정형,,물고기형,파랑,
604,eelektross-mega,메가저리더프,5,일반,전기물고기포켓몬,FALSE,FALSE,FALSE,FALSE,TRUE,FALSE,FALSE,1,전기,,3,180,1,부유,,,615,85,145,80,135,90,80,1,1,부정형,,물고기형,파랑,https://data1.pokemonkorea.co.kr/newdata/pokedex/full/060402.png
605,elgyem,리그레,5,일반,브레인포켓몬,FALSE,FALSE,FALSE,FALSE,FALSE,FALSE,FALSE,1,에스퍼,,0.5,9,3,텔레파시,싱크로,애널라이즈,335,55,55,55,85,55,30,2,1,인간형,,이족꼬리형,파랑,
606,beheeyem,벰크,5,일반,브레인포켓몬,FALSE,FALSE,FALSE,FALSE,FALSE,FALSE,FALSE,1,에스퍼,,1,34.5,3,텔레파시,싱크로,애널라이즈,485,75,75,75,125,95,40,2,1,인간형,,인간형,갈색,
607,litwick,불켜미,5,일반,양초포켓몬,FALSE,FALSE,FALSE,FALSE,FALSE,FALSE,FALSE,2,고스트,불꽃,0.3,3.1,3,타오르는불꽃,불꽃몸,틈새포착,275,50,30,55,65,55,20,4,1,부정형,,기둥형,하양,
608,lampent,램프라,5,일반,램프포켓몬,FALSE,FALSE,FALSE,FALSE,FALSE,FALSE,FALSE,2,고스트,불꽃,0.6,13,3,타오르는불꽃,불꽃몸,틈새포착,370,60,40,60,95,60,55,4,1,부정형,,팔형,검정,
609,chandelure,샹델라,5,일반,권유포켓몬,FALSE,FALSE,FALSE,FALSE,FALSE,FALSE,FALSE,2,고스트,불꽃,1,34.3,3,타오르는불꽃,불꽃몸,틈새포착,520,60,55,90,145,90,80,4,1,부정형,,팔형,검정,
609,chandelure-mega,메가샹델라,5,일반,권유포켓몬,FALSE,FALSE,FALSE,FALSE,TRUE,FALSE,FALSE,2,고스트,불꽃,2.5,69.6,3,타오르는불꽃,불꽃몸,,620,60,75,110,175,110,90,4,1,부정형,,팔형,검정,https://data1.pokemonkorea.co.kr/newdata/pokedex/full/060902.png
610,axew,터검니,5,일반,이빨포켓몬,FALSE,FALSE,FALSE,FALSE,FALSE,FALSE,FALSE,1,드래곤,,0.6,18,3,투쟁심,틀깨기,긴장감,320,46,87,60,30,40,57,1,2,괴수,드래곤,이족꼬리형,초록,
611,fraxure,액슨도,5,일반,도끼턱포켓몬,FALSE,FALSE,FALSE,FALSE,FALSE,FALSE,FALSE,1,드래곤,,1,36,3,투쟁심,틀깨기,긴장감,410,66,117,70,40,50,67,1,2,괴수,드래곤,이족꼬리형,초록,
612,haxorus,액스라이즈,5,일반,도끼턱포켓몬,FALSE,FALSE,FALSE,FALSE,FALSE,FALSE,FALSE,1,드래곤,,1.8,105.5,3,투쟁심,틀깨기,긴장감,540,76,147,90,60,70,97,1,2,괴수,드래곤,이족꼬리형,노랑,
613,cubchoo,코고미,5,일반,빙결포켓몬,FALSE,FALSE,FALSE,FALSE,FALSE,FALSE,FALSE,1,얼음,,0.5,8.5,3,눈숨기,눈치우기,주눅,305,55,70,40,60,40,40,2,1,육상,,이족꼬리형,하양,
614,beartic,툰베어,5,일반,동결포켓몬,FALSE,FALSE,FALSE,FALSE,FALSE,FALSE,FALSE,1,얼음,,2.6,260,3,눈숨기,눈치우기,쓱쓱,505,95,130,80,70,80,50,2,1,육상,,사족형,하양,
615,cryogonal,프리지오,5,일반,결정포켓몬,FALSE,FALSE,FALSE,FALSE,FALSE,FALSE,FALSE,1,얼음,,1.1,148,1,부유,,,515,80,50,50,95,135,105,2,1,광물,,머리형,파랑,
616,shelmet,쪼마리,5,일반,달팽이포켓몬,FALSE,FALSE,FALSE,FALSE,FALSE,FALSE,FALSE,1,벌레,,0.4,7.7,3,촉촉바디,조가비갑옷,방진,305,50,40,85,40,65,25,2,1,벌레,,머리형,빨강,
617,accelgor,어지리더,5,일반,탈껍질포켓몬,FALSE,FALSE,FALSE,FALSE,FALSE,FALSE,FALSE,1,벌레,,0.8,25.3,3,촉촉바디,점착,곡예,495,80,70,40,100,60,145,2,1,벌레,,팔형,빨강,
618,stunfisk,메더,5,일반,트랩포켓몬,FALSE,FALSE,FALSE,FALSE,FALSE,FALSE,FALSE,2,땅,전기,0.7,11,3,정전기,유연,모래숨기,471,109,66,84,81,99,32,2,2,수중 1,부정형,물고기형,갈색,
618,stunfisk-galarian,가라르메더,5,일반,트랩포켓몬,FALSE,FALSE,TRUE,FALSE,FALSE,FALSE,FALSE,2,땅,강철,0.7,20.5,1,의태,,,471,109,81,99,66,84,32,2,2,수중 1,부정형,물고기형,초록,
619,mienfoo,비조푸,5,일반,무술포켓몬,FALSE,FALSE,FALSE,FALSE,FALSE,FALSE,FALSE,1,격투,,0.9,20,3,정신력,재생력,이판사판,350,45,85,50,55,50,65,4,2,육상,인간형,이족꼬리형,노랑,
620,mienshao,비조도,5,일반,무술포켓몬,FALSE,FALSE,FALSE,FALSE,FALSE,FALSE,FALSE,1,격투,,1.4,35.5,3,정신력,재생력,이판사판,510,65,125,60,95,60,105,4,2,육상,인간형,이족꼬리형,보라,
621,druddigon,크리만,5,일반,동굴포켓몬,FALSE,FALSE,FALSE,FALSE,FALSE,FALSE,FALSE,1,드래곤,,1.6,139,3,까칠한피부,우격다짐,틀깨기,485,77,120,90,60,90,48,2,2,드래곤,괴수,이족꼬리형,빨강,
622,golett,골비람,5,일반,골렘포켓몬,FALSE,FALSE,FALSE,FALSE,FALSE,FALSE,FALSE,2,땅,고스트,1,92,3,철주먹,서투름,노가드,303,59,74,50,35,50,35,2,1,광물,,인간형,초록,
623,golurk,골루그,5,일반,골렘포켓몬,FALSE,FALSE,FALSE,FALSE,FALSE,FALSE,FALSE,2,땅,고스트,2.8,330,3,철주먹,서투름,노가드,483,89,124,80,55,80,55,2,1,광물,,인간형,초록,
623,golurk-mega,메가골루그,5,일반,골렘포켓몬,FALSE,FALSE,FALSE,FALSE,TRUE,FALSE,FALSE,2,땅,고스트,4,330,3,철주먹,서투름,,583,89,159,105,70,105,55,2,1,광물,,인간형,초록,https://data1.pokemonkorea.co.kr/newdata/pokedex/full/062302.png
624,pawniard,자망칼,5,일반,날붙이포켓몬,FALSE,FALSE,FALSE,FALSE,FALSE,FALSE,FALSE,2,악,강철,0.5,10.2,3,오기,정신력,프레셔,340,45,85,70,40,40,60,2,1,인간형,,인간형,빨강,
625,bisharp,절각참,5,일반,도인포켓몬,FALSE,FALSE,FALSE,FALSE,FALSE,FALSE,FALSE,2,악,강철,1.6,70,3,오기,정신력,프레셔,490,65,125,100,60,70,70,2,1,인간형,,인간형,빨강,
626,bouffalant,버프론,5,일반,박치기소포켓몬,FALSE,FALSE,FALSE,FALSE,FALSE,FALSE,FALSE,1,노말,,1.6,94.6,3,이판사판,초식,방음,490,95,110,95,40,95,55,2,1,육상,,사족형,갈색,
627,rufflet,수리둥보,5,일반,새끼독수리포켓몬,FALSE,FALSE,FALSE,FALSE,FALSE,FALSE,FALSE,2,노말,비행,0.5,10.5,3,날카로운눈,우격다짐,의욕,350,70,83,50,37,50,60,1,1,비행,,단익형,하양,
628,braviary,워글,5,일반,용맹포켓몬,FALSE,FALSE,FALSE,FALSE,FALSE,FALSE,FALSE,2,노말,비행,1.5,41,3,날카로운눈,우격다짐,오기,510,100,123,75,57,75,80,1,1,비행,,단익형,빨강,
628,braviary-hisuian,히스이워글,5,일반,용맹포켓몬,FALSE,TRUE,FALSE,FALSE,FALSE,FALSE,FALSE,2,에스퍼,비행,1.7,43.4,3,날카로운눈,우격다짐,색안경,510,110,83,70,112,70,65,1,1,비행,,단익형,하양,
629,vullaby,벌차이,5,일반,기저귀포켓몬,FALSE,FALSE,FALSE,FALSE,FALSE,FALSE,FALSE,2,악,비행,0.5,9,3,부풀린가슴,방진,깨어진갑옷,370,70,55,75,45,65,60,1,1,비행,,단익형,갈색,
630,mandibuzz,버랜지나,5,일반,뼈독수리포켓몬,FALSE,FALSE,FALSE,FALSE,FALSE,FALSE,FALSE,2,악,비행,1.2,39.5,3,부풀린가슴,방진,깨어진갑옷,510,110,65,105,55,95,80,1,1,비행,,단익형,갈색,
631,heatmor,앤티골,5,일반,개미핥기포켓몬,FALSE,FALSE,FALSE,FALSE,FALSE,FALSE,FALSE,1,불꽃,,1.4,58,3,먹보,타오르는불꽃,하얀연기,484,85,97,66,105,66,65,2,1,육상,,이족꼬리형,빨강,
632,durant,아이앤트,5,일반,철개미포켓몬,FALSE,FALSE,FALSE,FALSE,FALSE,FALSE,FALSE,2,벌레,강철,0.3,33,3,벌레의알림,의욕,게으름,484,58,109,112,48,48,109,2,1,벌레,,곤충형,회색,
633,deino,모노두,5,일반,폭거포켓몬,FALSE,FALSE,FALSE,FALSE,FALSE,FALSE,FALSE,2,악,드래곤,0.8,17.3,1,의욕,,,300,52,65,50,45,50,38,1,1,드래곤,,사족형,파랑,
634,zweilous,디헤드,5,일반,흉포포켓몬,FALSE,FALSE,FALSE,FALSE,FALSE,FALSE,FALSE,2,악,드래곤,1.4,50,1,의욕,,,420,72,85,70,65,70,58,1,1,드래곤,,사족형,파랑,
635,hydreigon,삼삼드래,5,일반,난폭포켓몬,FALSE,FALSE,FALSE,FALSE,FALSE,FALSE,FALSE,2,악,드래곤,1.8,160,1,부유,,,600,92,105,90,125,90,98,1,1,드래곤,,이족꼬리형,파랑,
636,larvesta,활화르바,5,일반,횃불포켓몬,FALSE,FALSE,FALSE,FALSE,FALSE,FALSE,FALSE,2,벌레,불꽃,1.1,28.8,2,불꽃몸,,벌레의알림,360,55,85,55,50,55,60,1,1,벌레,,곤충형,하양,
637,volcarona,불카모스,5,일반,태양포켓몬,FALSE,FALSE,FALSE,FALSE,FALSE,FALSE,FALSE,2,벌레,불꽃,1.6,46,2,불꽃몸,,벌레의알림,550,85,60,65,135,105,100,1,1,벌레,,다익형,하양,
638,cobalion,코바르온,5,준전설,철심포켓몬,FALSE,FALSE,FALSE,FALSE,FALSE,FALSE,FALSE,2,강철,격투,2.1,250,1,정의의마음,,,580,91,90,129,90,72,108,1,1,알미발견,,사족형,파랑,
639,terrakion,테라키온,5,준전설,암굴포켓몬,FALSE,FALSE,FALSE,FALSE,FALSE,FALSE,FALSE,2,바위,격투,1.9,260,1,정의의마음,,,580,91,129,90,72,90,108,1,1,알미발견,,사족형,회색,
640,virizion,비리디온,5,준전설,초원포켓몬,FALSE,FALSE,FALSE,FALSE,FALSE,FALSE,FALSE,2,풀,격투,2,200,1,정의의마음,,,580,91,90,72,90,129,108,1,1,알미발견,,사족형,초록,
641,tornadus-incarnate,토네로스,5,준전설,선풍포켓몬,FALSE,FALSE,FALSE,FALSE,FALSE,FALSE,TRUE,1,비행,,1.5,63,2,짓궂은마음,,오기,580,79,115,70,125,80,111,1,1,알미발견,,팔형,초록,
641,tornadus-therian,토네로스(영물폼),5,준전설,선풍포켓몬,FALSE,FALSE,FALSE,FALSE,FALSE,FALSE,TRUE,1,비행,,1.4,63,1,재생력,,,580,79,100,80,110,90,121,1,1,알미발견,,단익형,초록,
642,thundurus-incarnate,볼트로스,5,준전설,뇌격포켓몬,FALSE,FALSE,FALSE,FALSE,FALSE,FALSE,TRUE,2,전기,비행,1.5,61,2,짓궂은마음,,오기,580,79,115,70,125,80,111,1,1,알미발견,,팔형,파랑,
642,thundurus-therian,볼트로스(영물폼),5,준전설,뇌격포켓몬,FALSE,FALSE,FALSE,FALSE,FALSE,FALSE,TRUE,2,전기,비행,3,61,1,축전,,,580,79,105,70,145,80,101,1,1,알미발견,,이족꼬리형,파랑,
643,reshiram,레시라무,5,전설,백양포켓몬,FALSE,FALSE,FALSE,FALSE,FALSE,FALSE,FALSE,2,드래곤,불꽃,3.2,330,1,터보블레이즈,,,680,100,120,100,150,120,90,1,1,알미발견,,단익형,하양,
644,zekrom,제크로무,5,전설,흑음포켓몬,FALSE,FALSE,FALSE,FALSE,FALSE,FALSE,FALSE,2,드래곤,전기,2.9,345,1,테라볼티지,,,680,100,150,120,120,100,90,1,1,알미발견,,이족꼬리형,검정,
645,landorus-incarnate,랜드로스,5,준전설,풍요포켓몬,FALSE,FALSE,FALSE,FALSE,FALSE,FALSE,TRUE,2,땅,비행,1.5,68,2,모래의힘,,우격다짐,600,89,125,90,115,80,101,1,1,알미발견,,팔형,갈색,
645,landorus-therian,랜드로스(영물폼),5,준전설,풍요포켓몬,FALSE,FALSE,FALSE,FALSE,FALSE,FALSE,TRUE,2,땅,비행,1.3,68,1,위협,,,600,89,145,90,105,80,91,1,1,알미발견,,사족형,갈색,
646,kyurem,큐레무,5,전설,경계포켓몬,FALSE,FALSE,FALSE,FALSE,FALSE,FALSE,TRUE,2,드래곤,얼음,3,325,1,프레셔,,,660,125,130,90,130,90,95,1,1,알미발견,,이족꼬리형,회색,
646,kyurem-black,블랙큐레무,5,전설,경계포켓몬,FALSE,FALSE,FALSE,FALSE,FALSE,FALSE,TRUE,2,드래곤,얼음,3.3,325,1,테라볼티지,,,700,125,170,100,120,90,95,1,1,알미발견,,이족꼬리형,회색,
646,kyurem-white,화이트큐레무,5,전설,경계포켓몬,FALSE,FALSE,FALSE,FALSE,FALSE,FALSE,TRUE,2,드래곤,얼음,3.6,325,1,터보블레이즈,,,700,125,120,90,170,100,95,1,1,알미발견,,이족꼬리형,회색,
647,keldeo-ordinary,케르디오,5,환상,망아지포켓몬,FALSE,FALSE,FALSE,FALSE,FALSE,FALSE,TRUE,2,물,격투,1.4,48.5,1,정의의마음,,,580,91,72,90,129,90,108,1,1,알미발견,,사족형,노랑,
647,keldeo-resolute,케르디오(각오의모습),5,환상,망아지포켓몬,FALSE,FALSE,FALSE,FALSE,FALSE,FALSE,TRUE,2,물,격투,1.4,48.5,1,정의의마음,,,580,91,72,90,129,90,108,1,1,알미발견,,사족형,노랑,
648,meloetta-aria,메로엣타(보이스폼),5,환상,선율포켓몬,FALSE,FALSE,FALSE,FALSE,FALSE,FALSE,TRUE,2,노말,에스퍼,0.6,6.5,1,하늘의은총,,,600,100,77,77,128,128,90,1,1,알미발견,,인간형,하양,
648,meloetta-pirouette,메로엣타(스텝폼),5,환상,선율포켓몬,FALSE,FALSE,FALSE,FALSE,FALSE,FALSE,TRUE,2,노말,격투,0.6,6.5,1,하늘의은총,,,600,100,128,90,77,77,128,1,1,알미발견,,인간형,하양,
649,genesect,게노세크트,5,환상,고생대포켓몬,FALSE,FALSE,FALSE,FALSE,FALSE,FALSE,TRUE,2,벌레,강철,1.5,82.5,1,다운로드,,,600,71,120,95,120,95,99,1,1,알미발견,,인간형,보라,
650,chespin,도치마론,6,일반,밤송이포켓몬,FALSE,FALSE,FALSE,FALSE,FALSE,FALSE,FALSE,1,풀,,0.4,9,2,심록,,방탄,313,56,61,65,48,45,38,4,1,육상,,이족꼬리형,초록,
651,quilladin,도치보구,6,일반,가시갑옷포켓몬,FALSE,FALSE,FALSE,FALSE,FALSE,FALSE,FALSE,1,풀,,0.7,29,2,심록,,방탄,405,61,78,95,56,58,57,4,1,육상,,이족꼬리형,초록,
652,chesnaught,브리가론,6,일반,가시갑옷포켓몬,FALSE,FALSE,FALSE,FALSE,FALSE,FALSE,FALSE,2,풀,격투,1.6,90,2,심록,,방탄,530,88,107,122,74,75,64,4,1,육상,,이족꼬리형,초록,
652,chesnaught-mega,메가브리가론,6,일반,가시갑옷포켓몬,FALSE,FALSE,FALSE,FALSE,TRUE,FALSE,FALSE,2,풀,격투,1.6,90,2,방탄,,,630,88,137,172,74,115,44,4,1,육상,,이족꼬리형,하양,https://data1.pokemonkorea.co.kr/newdata/pokedex/full/065202.png
653,fennekin,푸호꼬,6,일반,여우포켓몬,FALSE,FALSE,FALSE,FALSE,FALSE,FALSE,FALSE,1,불꽃,,0.4,9.4,2,맹화,,매지션,307,40,45,40,62,60,60,4,1,육상,,사족형,빨강,
654,braixen,테르나,6,일반,여우포켓몬,FALSE,FALSE,FALSE,FALSE,FALSE,FALSE,FALSE,1,불꽃,,1,14.5,2,맹화,,매지션,409,59,59,58,90,70,73,4,1,육상,,이족꼬리형,빨강,
655,delphox,마폭시,6,일반,여우포켓몬,FALSE,FALSE,FALSE,FALSE,FALSE,FALSE,FALSE,2,불꽃,에스퍼,1.5,39,2,맹화,,매지션,534,75,69,72,114,100,104,4,1,육상,,이족꼬리형,빨강,
655,delphox-mega,메가마폭시,6,일반,여우포켓몬,FALSE,FALSE,FALSE,FALSE,TRUE,FALSE,FALSE,2,불꽃,에스퍼,1.5,39,2,부유,,,634,75,69,72,159,125,134,4,1,육상,,이족꼬리형,빨강,https://data1.pokemonkorea.co.kr/newdata/pokedex/full/065502.png
656,froakie,개구마르,6,일반,거품개구리포켓몬,FALSE,FALSE,FALSE,FALSE,FALSE,FALSE,FALSE,1,물,,0.3,7,2,급류,,변환자재,314,41,56,40,62,44,71,4,1,수중 1,,사족형,파랑,
657,frogadier,개굴반장,6,일반,거품개구리포켓몬,FALSE,FALSE,FALSE,FALSE,FALSE,FALSE,FALSE,1,물,,0.6,10.9,2,급류,,변환자재,405,54,63,52,83,56,97,4,1,수중 1,,인간형,파랑,
658,greninja,개굴닌자,6,일반,시노비포켓몬,FALSE,FALSE,FALSE,FALSE,FALSE,FALSE,TRUE,2,물,악,1.5,40,2,급류,,변환자재,530,72,95,67,103,71,122,4,1,수중 1,,인간형,파랑,
658,greninja-mega,메가개굴닌자,6,일반,시노비포켓몬,FALSE,FALSE,FALSE,FALSE,TRUE,FALSE,FALSE,2,물,악,1.5,40,2,변환자재,,,630,72,125,77,133,81,142,4,1,수중 1,,인간형,검정,https://data1.pokemonkorea.co.kr/newdata/pokedex/full/065802.png
659,bunnelby,파르빗,6,일반,땅구멍파기포켓몬,FALSE,FALSE,FALSE,FALSE,FALSE,FALSE,FALSE,1,노말,,0.4,5,3,픽업,볼주머니,천하장사,237,38,36,38,32,36,57,2,1,육상,,이족꼬리형,갈색,
660,diggersby,파르토,6,일반,땅구멍파기포켓몬,FALSE,FALSE,FALSE,FALSE,FALSE,FALSE,FALSE,2,노말,땅,1,42.4,3,픽업,볼주머니,천하장사,423,85,56,77,50,77,78,2,1,육상,,이족꼬리형,갈색,
661,fletchling,화살꼬빈,6,일반,울새포켓몬,FALSE,FALSE,FALSE,FALSE,FALSE,FALSE,FALSE,2,노말,비행,0.3,1.7,2,부풀린가슴,,질풍날개,278,45,50,43,40,38,62,4,1,비행,,단익형,빨강,
662,fletchinder,불화살빈,6,일반,불티포켓몬,FALSE,FALSE,FALSE,FALSE,FALSE,FALSE,FALSE,2,불꽃,비행,0.7,16,2,불꽃몸,,질풍날개,382,62,73,55,56,52,84,4,1,비행,,단익형,빨강,
663,talonflame,파이어로,6,일반,열화포켓몬,FALSE,FALSE,FALSE,FALSE,FALSE,FALSE,FALSE,2,불꽃,비행,1.2,24.5,2,불꽃몸,,질풍날개,499,78,81,71,74,69,126,4,1,비행,,단익형,빨강,
664,scatterbug,분이벌레,6,일반,가루뿜기포켓몬,FALSE,FALSE,FALSE,FALSE,FALSE,FALSE,FALSE,1,벌레,,0.3,2.5,3,인분,복안,프렌드가드,200,38,35,40,27,25,35,2,1,벌레,,곤충형,검정,
665,spewpa,분떠도리,6,일반,가루뿜기포켓몬,FALSE,FALSE,FALSE,FALSE,FALSE,FALSE,FALSE,1,벌레,,0.3,8.4,2,탈피,,프렌드가드,213,45,22,60,27,30,29,2,1,벌레,,기둥형,검정,
666,vivillon,비비용,6,일반,인분포켓몬,FALSE,FALSE,FALSE,FALSE,FALSE,FALSE,TRUE,2,벌레,비행,1.2,17,3,인분,복안,프렌드가드,411,80,52,50,90,50,89,2,1,벌레,,다익형,하양,
667,litleo,레오꼬,6,일반,어린사자포켓몬,FALSE,FALSE,FALSE,FALSE,FALSE,FALSE,FALSE,2,불꽃,노말,0.6,13.5,3,투쟁심,긴장감,자기과신,369,62,50,58,73,54,72,4,1,육상,,사족형,갈색,
668,pyroar,화염레오,6,일반,임금포켓몬,FALSE,FALSE,FALSE,FALSE,FALSE,FALSE,FALSE,2,불꽃,노말,1.5,81.5,3,투쟁심,긴장감,자기과신,507,86,68,72,109,66,106,4,1,육상,,사족형,갈색,
668,pyroar-mega,메가화염레오,6,일반,임금포켓몬,FALSE,FALSE,FALSE,FALSE,TRUE,FALSE,FALSE,2,불꽃,노말,1.5,93.3,3,투쟁심,긴장감,,607,86,88,92,129,86,126,4,1,육상,,사족형,갈색,https://data1.pokemonkorea.co.kr/newdata/pokedex/full/066803.png
669,flabebe,플라베베,6,일반,한송이포켓몬,FALSE,FALSE,FALSE,FALSE,FALSE,FALSE,TRUE,1,페어리,,0.1,0.1,2,플라워베일,,공생,303,44,38,39,61,79,42,2,1,요정,,팔형,하양,
670,floette,플라엣테,6,일반,한송이포켓몬,FALSE,FALSE,FALSE,FALSE,FALSE,FALSE,TRUE,1,페어리,,0.2,0.9,2,플라워베일,,공생,371,54,45,47,75,98,52,2,1,요정,,팔형,하양,
670,floette-eternal,영원의꽃플라엣테,6,일반,한송이포켓몬,FALSE,FALSE,FALSE,FALSE,FALSE,FALSE,TRUE,1,페어리,,0.2,0.9,2,플라워베일,,공생,551,74,65,67,125,128,92,2,1,요정,,팔형,하양,https://data1.pokemonkorea.co.kr/newdata/pokedex/full/067002.png
670,floette-mega,메가플라엣테,6,일반,한송이포켓몬,FALSE,FALSE,FALSE,FALSE,TRUE,FALSE,FALSE,1,페어리,,0.2,100.8,2,플라워베일,,,651,74,85,87,155,148,102,2,1,요정,,팔형,하양,https://data1.pokemonkorea.co.kr/newdata/pokedex/full/067003.png
671,florges,플라제스,6,일반,가든포켓몬,FALSE,FALSE,FALSE,FALSE,FALSE,FALSE,TRUE,1,페어리,,1.1,10,2,플라워베일,,공생,552,78,65,68,112,154,75,2,1,요정,,팔형,하양,
672,skiddo,메이클,6,일반,라이드포켓몬,FALSE,FALSE,FALSE,FALSE,FALSE,FALSE,FALSE,1,풀,,0.9,31,2,초식,,풀모피,350,66,65,48,62,57,52,2,1,육상,,사족형,갈색,
673,gogoat,고고트,6,일반,라이드포켓몬,FALSE,FALSE,FALSE,FALSE,FALSE,FALSE,FALSE,1,풀,,1.7,91,2,초식,,풀모피,531,123,100,62,97,81,68,2,1,육상,,사족형,갈색,
674,pancham,판짱,6,일반,개구쟁이포켓몬,FALSE,FALSE,FALSE,FALSE,FALSE,FALSE,FALSE,1,격투,,0.6,8,3,철주먹,틀깨기,배짱,348,67,82,62,46,48,43,2,2,육상,인간형,이족꼬리형,하양,
675,pangoro,부란다,6,일반,무서운얼굴포켓몬,FALSE,FALSE,FALSE,FALSE,FALSE,FALSE,FALSE,2,격투,악,2.1,136,3,철주먹,틀깨기,배짱,495,95,124,78,69,71,58,2,2,육상,인간형,인간형,하양,
676,furfrou,트리미앙,6,일반,푸들포켓몬,FALSE,FALSE,FALSE,FALSE,FALSE,FALSE,TRUE,1,노말,,1.2,28,1,퍼코트,,,472,75,80,60,65,90,102,2,1,육상,,사족형,하양,
677,espurr,냐스퍼,6,일반,자제포켓몬,FALSE,FALSE,FALSE,FALSE,FALSE,FALSE,FALSE,1,에스퍼,,0.3,3.5,3,날카로운눈,틈새포착,마이페이스,355,62,48,54,63,60,68,2,1,육상,,이족꼬리형,회색,
678,meowstic-male,냐오닉스(수컷),6,일반,억제포켓몬,FALSE,FALSE,FALSE,FALSE,FALSE,FALSE,TRUE,1,에스퍼,,0.6,8.5,3,날카로운눈,틈새포착,짓궂은마음,466,74,48,76,83,81,104,2,1,육상,,이족꼬리형,파랑,
678,meowstic-female,냐오닉스(암컷),6,일반,억제포켓몬,FALSE,FALSE,FALSE,FALSE,FALSE,FALSE,TRUE,1,에스퍼,,0.6,8.5,3,날카로운눈,틈새포착,승기,466,74,48,76,83,81,104,2,1,육상,,이족꼬리형,하양,
678,meowstic-mega,메가냐오닉스,6,일반,억제포켓몬,FALSE,FALSE,FALSE,FALSE,TRUE,FALSE,FALSE,1,에스퍼,,0.8,10.1,3,날카로운눈,틈새포착,,566,74,48,76,143,101,124,2,1,육상,,이족꼬리형,하양,https://data1.pokemonkorea.co.kr/newdata/pokedex/full/067803.png
679,honedge,단칼빙,6,일반,도검포켓몬,FALSE,FALSE,FALSE,FALSE,FALSE,FALSE,FALSE,2,강철,고스트,0.8,2,1,노가드,,,325,45,80,100,35,37,28,2,1,광물,,기둥형,갈색,
680,doublade,쌍검킬,6,일반,도검포켓몬,FALSE,FALSE,FALSE,FALSE,FALSE,FALSE,FALSE,2,강철,고스트,0.8,4.5,1,노가드,,,448,59,110,150,45,49,35,2,1,광물,,군집형,갈색,
681,aegislash-shield,킬가르도(실드폼),6,일반,왕검포켓몬,FALSE,FALSE,FALSE,FALSE,FALSE,FALSE,TRUE,2,강철,고스트,1.7,53,1,배틀스위치,,,500,60,50,140,50,140,60,2,1,광물,,기둥형,갈색,
681,aegislash-blade,킬가르도(블레이드폼),6,일반,왕검포켓몬,FALSE,FALSE,FALSE,FALSE,FALSE,FALSE,TRUE,2,강철,고스트,1.7,53,1,배틀스위치,,,500,60,140,50,140,50,60,2,1,광물,,기둥형,갈색,
682,spritzee,슈쁘,6,일반,향수포켓몬,FALSE,FALSE,FALSE,FALSE,FALSE,FALSE,FALSE,1,페어리,,0.2,0.5,2,치유의마음,,아로마베일,341,78,52,60,63,65,23,2,1,요정,,팔형,담홍,
683,aromatisse,프레프티르,6,일반,방향포켓몬,FALSE,FALSE,FALSE,FALSE,FALSE,FALSE,FALSE,1,페어리,,0.8,15.5,2,치유의마음,,아로마베일,462,101,72,72,99,89,29,2,1,요정,,인간형,담홍,
684,swirlix,나룸퍼프,6,일반,솜사탕포켓몬,FALSE,FALSE,FALSE,FALSE,FALSE,FALSE,FALSE,1,페어리,,0.4,3.5,2,스위트베일,,곡예,341,62,48,66,59,57,49,2,1,요정,,다리형,하양,
685,slurpuff,나루림,6,일반,휩포켓몬,FALSE,FALSE,FALSE,FALSE,FALSE,FALSE,FALSE,1,페어리,,0.8,5,2,스위트베일,,곡예,480,82,80,86,85,75,72,2,1,요정,,인간형,하양,
686,inkay,오케이징,6,일반,회전포켓몬,FALSE,FALSE,FALSE,FALSE,FALSE,FALSE,FALSE,2,악,에스퍼,0.4,3.5,3,심술꾸러기,흡반,틈새포착,288,53,54,53,37,46,45,2,2,수중 1,수중 2,다족형,파랑,
687,malamar,칼라마네로,6,일반,역전포켓몬,FALSE,FALSE,FALSE,FALSE,FALSE,FALSE,FALSE,2,악,에스퍼,1.5,47,3,심술꾸러기,흡반,틈새포착,482,86,92,88,68,75,73,2,2,수중 1,수중 2,기둥형,파랑,
687,malamar-mega,메가칼라마네로,6,일반,역전포켓몬,FALSE,FALSE,FALSE,FALSE,TRUE,FALSE,FALSE,2,악,에스퍼,2.9,69.8,3,심술꾸러기,흡반,,582,86,102,88,98,120,88,2,2,수중 1,수중 2,기둥형,파랑,https://data1.pokemonkorea.co.kr/newdata/pokedex/full/068702.png
688,binacle,거북손손,6,일반,두손포켓몬,FALSE,FALSE,FALSE,FALSE,FALSE,FALSE,FALSE,2,바위,물,0.5,31,3,단단한발톱,스나이퍼,나쁜손버릇,306,42,52,67,39,56,50,2,1,수중 3,,군집형,갈색,
689,barbaracle,거북손데스,6,일반,집합포켓몬,FALSE,FALSE,FALSE,FALSE,FALSE,FALSE,FALSE,2,바위,물,1.3,96,3,단단한발톱,스나이퍼,나쁜손버릇,500,72,105,115,54,86,68,2,1,수중 3,,군집형,갈색,
689,barbaracle-mega,메가거북손데스,6,일반,집합포켓몬,FALSE,FALSE,FALSE,FALSE,TRUE,FALSE,FALSE,2,바위,격투,2.2,100,3,단단한발톱,스나이퍼,,600,72,140,130,64,106,88,2,1,수중 3,,군집형,갈색,https://data1.pokemonkorea.co.kr/newdata/pokedex/full/068902.png
690,skrelp,수레기,6,일반,풀모방포켓몬,FALSE,FALSE,FALSE,FALSE,FALSE,FALSE,FALSE,2,독,물,0.5,7.3,3,독가시,독수,적응력,320,50,60,60,60,60,30,2,2,수중 1,드래곤,기둥형,갈색,
691,dragalge,드래캄,6,일반,풀모방포켓몬,FALSE,FALSE,FALSE,FALSE,FALSE,FALSE,FALSE,2,독,드래곤,1.8,81.5,3,독가시,독수,적응력,494,65,75,90,97,123,44,2,2,수중 1,드래곤,기둥형,갈색,
691,dragalge-mega,메가드래캄,6,일반,풀모방포켓몬,FALSE,FALSE,FALSE,FALSE,TRUE,FALSE,FALSE,2,독,드래곤,2.1,100.3,3,독가시,독수,,594,65,85,105,132,163,44,2,2,수중 1,드래곤,기둥형,갈색,https://data1.pokemonkorea.co.kr/newdata/pokedex/full/069102.png
692,clauncher,완철포,6,일반,물대포포켓몬,FALSE,FALSE,FALSE,FALSE,FALSE,FALSE,FALSE,1,물,,0.5,8.3,1,메가런처,,,330,50,53,62,58,63,44,1,2,수중 1,수중 3,곤충형,파랑,
693,clawitzer,블로스터,6,일반,런처포켓몬,FALSE,FALSE,FALSE,FALSE,FALSE,FALSE,FALSE,1,물,,1.3,35.3,1,메가런처,,,500,71,73,88,120,89,59,1,2,수중 1,수중 3,뱀형,파랑,
694,helioptile,목도리키텔,6,일반,발전포켓몬,FALSE,FALSE,FALSE,FALSE,FALSE,FALSE,FALSE,2,전기,노말,0.5,6,3,건조피부,모래숨기,선파워,289,44,38,33,61,43,70,2,2,괴수,드래곤,이족꼬리형,노랑,
695,heliolisk,일레도리자드,6,일반,발전포켓몬,FALSE,FALSE,FALSE,FALSE,FALSE,FALSE,FALSE,2,전기,노말,1,21,3,건조피부,모래숨기,선파워,481,62,55,52,109,94,109,2,2,괴수,드래곤,이족꼬리형,노랑,
696,tyrunt,티고라스,6,일반,유군포켓몬,FALSE,FALSE,FALSE,FALSE,FALSE,FALSE,FALSE,2,바위,드래곤,0.8,26,2,옹골찬턱,,옹골참,362,58,89,77,45,45,48,2,2,괴수,드래곤,이족꼬리형,갈색,
697,tyrantrum,견고라스,6,일반,폭군포켓몬,FALSE,FALSE,FALSE,FALSE,FALSE,FALSE,FALSE,2,바위,드래곤,2.5,270,2,옹골찬턱,,돌머리,521,82,121,119,69,59,71,2,2,괴수,드래곤,이족꼬리형,빨강,
698,amaura,아마루스,6,일반,툰드라포켓몬,FALSE,FALSE,FALSE,FALSE,FALSE,FALSE,FALSE,2,바위,얼음,1.3,25.2,2,프리즈스킨,,눈퍼뜨리기,362,77,59,50,67,63,46,2,1,괴수,,사족형,파랑,
699,aurorus,아마루르가,6,일반,툰드라포켓몬,FALSE,FALSE,FALSE,FALSE,FALSE,FALSE,FALSE,2,바위,얼음,2.7,225,2,프리즈스킨,,눈퍼뜨리기,521,123,77,72,99,92,58,2,1,괴수,,사족형,파랑,
700,sylveon,님피아,6,일반,연결포켓몬,FALSE,FALSE,FALSE,FALSE,FALSE,FALSE,FALSE,1,페어리,,1,23.5,2,헤롱헤롱바디,,페어리스킨,525,95,65,65,110,130,60,2,1,육상,,사족형,담홍,
701,hawlucha,루차불,6,일반,레슬링포켓몬,FALSE,FALSE,FALSE,FALSE,FALSE,FALSE,FALSE,2,격투,비행,0.8,21.5,3,유연,곡예,틀깨기,500,78,92,75,74,63,118,2,2,비행,인간형,인간형,초록,
701,hawlucha-mega,메가루차불,6,일반,레슬링포켓몬,FALSE,FALSE,FALSE,FALSE,TRUE,FALSE,FALSE,2,격투,비행,1,25,3,유연,곡예,,600,78,137,100,74,93,118,2,2,비행,인간형,인간형,노랑,https://data1.pokemonkorea.co.kr/newdata/pokedex/full/070102.png
702,dedenne,데덴네,6,일반,안테나포켓몬,FALSE,FALSE,FALSE,FALSE,FALSE,FALSE,FALSE,2,전기,페어리,0.2,2.2,3,볼주머니,픽업,플러스,431,67,58,57,81,67,101,2,2,육상,요정,이족꼬리형,노랑,
703,carbink,멜리시,6,일반,보석포켓몬,FALSE,FALSE,FALSE,FALSE,FALSE,FALSE,FALSE,2,바위,페어리,0.3,5.7,2,클리어바디,,옹골참,500,50,50,150,50,150,50,1,2,요정,광물,머리형,회색,
704,goomy,미끄메라,6,일반,연체포켓몬,FALSE,FALSE,FALSE,FALSE,FALSE,FALSE,FALSE,1,드래곤,,0.3,2.8,3,초식,촉촉바디,미끈미끈,300,45,50,35,55,75,40,1,1,드래곤,,뱀형,보라,
705,sliggoo,미끄네일,6,일반,연체포켓몬,FALSE,FALSE,FALSE,FALSE,FALSE,FALSE,FALSE,1,드래곤,,0.8,17.5,3,초식,촉촉바디,미끈미끈,452,68,75,53,83,113,60,1,1,드래곤,,뱀형,보라,
705,sliggoo-hisuian,히스이미끄네일,6,일반,연체포켓몬,FALSE,TRUE,FALSE,FALSE,FALSE,FALSE,FALSE,2,강철,드래곤,0.7,68.5,3,초식,조가비갑옷,미끈미끈,452,58,75,83,83,113,40,1,1,드래곤,,뱀형,보라,
706,goodra,미끄래곤,6,일반,드래곤포켓몬,FALSE,FALSE,FALSE,FALSE,FALSE,FALSE,FALSE,1,드래곤,,2,150.5,3,초식,촉촉바디,미끈미끈,600,90,100,70,110,150,80,1,1,드래곤,,이족꼬리형,보라,
706,goodra-hisuian,히스이미끄래곤,6,일반,드래곤포켓몬,FALSE,TRUE,FALSE,FALSE,FALSE,FALSE,FALSE,2,강철,드래곤,1.7,334.1,3,초식,조가비갑옷,미끈미끈,600,80,100,100,110,150,60,1,1,드래곤,,이족꼬리형,보라,
707,klefki,클레피,6,일반,열쇠꾸러미포켓몬,FALSE,FALSE,FALSE,FALSE,FALSE,FALSE,FALSE,2,강철,페어리,0.2,3,2,짓궂은마음,,매지션,470,57,80,91,80,87,75,3,1,광물,,머리형,회색,
708,phantump,나목령,6,일반,그루터기포켓몬,FALSE,FALSE,FALSE,FALSE,FALSE,FALSE,FALSE,2,고스트,풀,0.4,7,3,자연회복,통찰,수확,309,43,70,48,50,60,38,2,2,식물,부정형,팔형,갈색,
709,trevenant,대로트,6,일반,고목포켓몬,FALSE,FALSE,FALSE,FALSE,FALSE,FALSE,FALSE,2,고스트,풀,1.5,71,3,자연회복,통찰,수확,474,85,110,76,65,82,56,2,2,식물,부정형,다족형,갈색,
710,pumpkaboo-average,호바귀,6,일반,호박포켓몬,FALSE,FALSE,FALSE,FALSE,FALSE,FALSE,TRUE,2,고스트,풀,0.4,5,3,픽업,통찰,불면,335,49,66,70,44,55,51,2,1,부정형,,머리형,갈색,
711,gourgeist-average,펌킨인,6,일반,호박포켓몬,FALSE,FALSE,FALSE,FALSE,FALSE,FALSE,TRUE,2,고스트,풀,0.9,12.5,3,픽업,통찰,불면,494,65,90,122,58,75,84,2,1,부정형,,기둥형,갈색,
712,bergmite,꽁어름,6,일반,얼음덩이포켓몬,FALSE,FALSE,FALSE,FALSE,FALSE,FALSE,FALSE,1,얼음,,1,99.5,3,마이페이스,아이스바디,옹골참,304,55,69,85,32,35,28,2,2,괴수,광물,사족형,파랑,
713,avalugg,크레베이스,6,일반,빙산포켓몬,FALSE,FALSE,FALSE,FALSE,FALSE,FALSE,FALSE,1,얼음,,2,505,3,마이페이스,아이스바디,옹골참,514,95,117,184,44,46,28,2,2,괴수,광물,사족형,파랑,
713,avalugg-hisuian,히스이크레베이스,6,일반,빙산포켓몬,FALSE,TRUE,FALSE,FALSE,FALSE,FALSE,FALSE,2,얼음,바위,1.4,262.4,3,옹골찬턱,아이스바디,옹골참,514,95,127,184,34,36,38,2,2,괴수,광물,사족형,파랑,
714,noibat,음뱃,6,일반,음파포켓몬,FALSE,FALSE,FALSE,FALSE,FALSE,FALSE,FALSE,2,비행,드래곤,0.5,8,3,통찰,틈새포착,텔레파시,245,40,30,35,45,40,55,2,2,비행,드래곤,단익형,보라,
715,noivern,음번,6,일반,음파포켓몬,FALSE,FALSE,FALSE,FALSE,FALSE,FALSE,FALSE,2,비행,드래곤,1.5,85,3,통찰,틈새포착,텔레파시,535,85,70,80,97,80,123,2,2,비행,드래곤,단익형,보라,
716,xerneas,제르네아스,6,전설,생명포켓몬,FALSE,FALSE,FALSE,FALSE,FALSE,FALSE,TRUE,1,페어리,,3,215,1,페어리오라,,,680,126,131,95,131,98,99,1,1,알미발견,,사족형,파랑,
717,yveltal,이벨타르,6,전설,파괴포켓몬,FALSE,FALSE,FALSE,FALSE,FALSE,FALSE,FALSE,2,악,비행,5.8,203,1,다크오라,,,680,126,131,95,131,98,99,1,1,알미발견,,단익형,빨강,
718,zygarde-10,지가르데(10%폼),6,전설,질서포켓몬,FALSE,FALSE,FALSE,FALSE,FALSE,FALSE,TRUE,2,드래곤,땅,1.2,33.5,2,오라브레이크,스웜체인지,,486,54,100,71,61,85,115,1,1,알미발견,,사족형,검정,
718,zygarde-50,지가르데(50%폼),6,전설,질서포켓몬,FALSE,FALSE,FALSE,FALSE,FALSE,FALSE,TRUE,2,드래곤,땅,5,305,2,오라브레이크,스웜체인지,,600,108,100,121,81,95,95,1,1,알미발견,,뱀형,초록,
718,zygarde-complete,지가르데(퍼팩트폼),6,전설,질서포켓몬,FALSE,FALSE,FALSE,FALSE,FALSE,FALSE,TRUE,2,드래곤,땅,4.5,610,1,스웜체인지,,,708,216,100,121,91,95,85,1,1,알미발견,,이족꼬리형,검정,
718,zygarde-mega,메가지가르데,6,전설,질서포켓몬,FALSE,FALSE,FALSE,FALSE,TRUE,FALSE,FALSE,2,드래곤,땅,7.7,610,1,스웜체인지,,,778,216,70,91,216,85,100,1,1,알미발견,,이족꼬리형,초록,https://data1.pokemonkorea.co.kr/newdata/pokedex/full/071804.png
719,diancie,디안시,6,환상,보석포켓몬,FALSE,FALSE,FALSE,FALSE,FALSE,FALSE,FALSE,2,바위,페어리,0.7,8.8,1,클리어바디,,,600,50,100,150,100,150,50,1,1,알미발견,,팔형,담홍,
719,diancie-mega,메가디안시,6,환상,보석포켓몬,FALSE,FALSE,FALSE,FALSE,TRUE,FALSE,FALSE,2,바위,페어리,1.1,27.8,1,매직미러,,,700,50,160,110,160,110,110,1,1,알미발견,,팔형,담홍,
720,hoopa,후파,6,환상,장난포켓몬,FALSE,FALSE,FALSE,FALSE,FALSE,FALSE,TRUE,2,에스퍼,고스트,0.5,9,1,매지션,,,600,80,110,60,150,130,70,1,1,알미발견,,팔형,보라,
720,hoopa-unbound,굴레를벗어난후파,6,환상,장난포켓몬,FALSE,FALSE,FALSE,FALSE,FALSE,FALSE,TRUE,2,에스퍼,악,6.5,490,1,매지션,,,680,80,160,60,170,130,80,1,1,알미발견,,이족꼬리형,보라,
721,volcanion,볼케니온,6,환상,스팀포켓몬,FALSE,FALSE,FALSE,FALSE,FALSE,FALSE,FALSE,2,불꽃,물,1.7,195,1,저수,,,600,80,110,120,130,90,70,1,1,알미발견,,사족형,갈색,
722,rowlet,나몰빼미,7,일반,풀깃포켓몬,FALSE,FALSE,FALSE,FALSE,FALSE,FALSE,FALSE,2,풀,비행,0.3,1.5,2,심록,,원격,320,68,55,55,50,50,42,4,1,비행,,단익형,갈색,
723,dartrix,빼미스로우,7,일반,칼날깃포켓몬,FALSE,FALSE,FALSE,FALSE,FALSE,FALSE,FALSE,2,풀,비행,0.7,16,2,심록,,원격,420,78,75,75,70,70,52,4,1,비행,,단익형,갈색,
724,decidueye,모크나이퍼,7,일반,화살깃포켓몬,FALSE,FALSE,FALSE,FALSE,FALSE,FALSE,FALSE,2,풀,고스트,1.6,36.6,2,심록,,원격,530,78,107,75,100,100,70,4,1,비행,,단익형,갈색,
724,decidueye-hisuian,히스이모크나이퍼,7,일반,화살깃포켓몬,FALSE,TRUE,FALSE,FALSE,FALSE,FALSE,FALSE,2,풀,격투,1.6,37,2,심록,,배짱,530,88,112,80,95,95,60,4,1,비행,,단익형,갈색,
725,litten,냐오불,7,일반,불고양이포켓몬,FALSE,FALSE,FALSE,FALSE,FALSE,FALSE,FALSE,1,불꽃,,0.4,4.3,2,맹화,,위협,320,45,65,40,60,40,70,4,1,육상,,사족형,빨강,
726,torracat,냐오히트,7,일반,불고양이포켓몬,FALSE,FALSE,FALSE,FALSE,FALSE,FALSE,FALSE,1,불꽃,,0.7,25,2,맹화,,위협,420,65,85,50,80,50,90,4,1,육상,,사족형,빨강,
727,incineroar,어흥염,7,일반,힐포켓몬,FALSE,FALSE,FALSE,FALSE,FALSE,FALSE,FALSE,2,불꽃,악,1.8,83,2,맹화,,위협,530,95,115,90,80,90,60,4,1,육상,,이족꼬리형,빨강,
728,popplio,누리공,7,일반,강치포켓몬,FALSE,FALSE,FALSE,FALSE,FALSE,FALSE,FALSE,1,물,,0.4,7.5,2,급류,,촉촉보이스,320,50,54,54,66,56,40,4,2,수중 1,육상,물고기형,파랑,
729,brionne,키요공,7,일반,아이돌포켓몬,FALSE,FALSE,FALSE,FALSE,FALSE,FALSE,FALSE,1,물,,0.6,17.5,2,급류,,촉촉보이스,420,60,69,69,91,81,50,4,2,수중 1,육상,물고기형,파랑,
730,primarina,누리레느,7,일반,솔리스트포켓몬,FALSE,FALSE,FALSE,FALSE,FALSE,FALSE,FALSE,2,물,페어리,1.8,44,2,급류,,촉촉보이스,530,80,74,74,126,116,60,4,2,수중 1,육상,물고기형,파랑,
731,pikipek,콕코구리,7,일반,딱따구리포켓몬,FALSE,FALSE,FALSE,FALSE,FALSE,FALSE,FALSE,2,노말,비행,0.3,1.2,3,날카로운눈,스킬링크,픽업,265,35,75,30,30,30,65,2,1,비행,,단익형,검정,
732,trumbeak,크라파,7,일반,나팔입포켓몬,FALSE,FALSE,FALSE,FALSE,FALSE,FALSE,FALSE,2,노말,비행,0.6,14.8,3,날카로운눈,스킬링크,픽업,355,55,85,50,40,50,75,2,1,비행,,단익형,검정,
733,toucannon,왕큰부리,7,일반,대포포켓몬,FALSE,FALSE,FALSE,FALSE,FALSE,FALSE,FALSE,2,노말,비행,1.1,26,3,날카로운눈,스킬링크,우격다짐,485,80,120,75,75,75,60,2,1,비행,,단익형,검정,
734,yungoos,영구스,7,일반,순회포켓몬,FALSE,FALSE,FALSE,FALSE,FALSE,FALSE,FALSE,1,노말,,0.4,6,3,잠복,옹골찬턱,적응력,253,48,70,30,30,30,45,2,1,육상,,사족형,갈색,
735,gumshoos,형사구스,7,일반,잠복포켓몬,FALSE,FALSE,FALSE,FALSE,FALSE,FALSE,FALSE,1,노말,,0.7,14.2,3,잠복,옹골찬턱,적응력,418,88,110,60,55,60,45,2,1,육상,,사족형,갈색,
736,grubbin,턱지충이,7,일반,유충포켓몬,FALSE,FALSE,FALSE,FALSE,FALSE,FALSE,FALSE,1,벌레,,0.4,4.4,1,벌레의알림,,,300,47,62,45,55,45,46,2,1,벌레,,곤충형,회색,
737,charjabug,전지충이,7,일반,배터리포켓몬,FALSE,FALSE,FALSE,FALSE,FALSE,FALSE,FALSE,2,벌레,전기,0.5,10.5,1,배터리,,,400,57,82,95,55,75,36,2,1,벌레,,뱀형,초록,
738,vikavolt,투구뿌논,7,일반,뿔집게포켓몬,FALSE,FALSE,FALSE,FALSE,FALSE,FALSE,FALSE,2,벌레,전기,1.5,45,1,부유,,,500,77,70,90,145,75,43,2,1,벌레,,곤충형,파랑,
739,crabrawler,오기지게,7,일반,권투포켓몬,FALSE,FALSE,FALSE,FALSE,FALSE,FALSE,FALSE,1,격투,,0.6,7,3,괴력집게,철주먹,분노의경혈,338,47,82,57,42,47,63,2,1,수중 3,,곤충형,보라,
740,crabominable,모단단게,7,일반,털게포켓몬,FALSE,FALSE,FALSE,FALSE,FALSE,FALSE,FALSE,2,격투,얼음,1.7,180,3,괴력집게,철주먹,분노의경혈,478,97,132,77,62,67,43,2,1,수중 3,,곤충형,하양,
740,crabominable-mega,메가모단단게,7,일반,털게포켓몬,FALSE,FALSE,FALSE,FALSE,TRUE,FALSE,FALSE,2,격투,얼음,2.6,252.8,3,괴력집게,철주먹,,578,97,157,122,62,107,33,2,1,수중 3,,곤충형,하양,https://data1.pokemonkorea.co.kr/newdata/pokedex/full/074002.png
741,oricorio-baile,춤추새(이글이글스타일),7,일반,댄스포켓몬,FALSE,FALSE,FALSE,FALSE,FALSE,FALSE,TRUE,2,불꽃,비행,0.6,3.4,1,무희,,,476,75,70,70,98,70,93,2,1,비행,,단익형,빨강,
741,oricorio-pom-pom,춤추새(파칙파칙스타일),7,일반,댄스포켓몬,FALSE,FALSE,FALSE,FALSE,FALSE,FALSE,TRUE,2,전기,비행,0.6,3.4,1,무희,,,476,75,70,70,98,70,93,2,1,비행,,단익형,노랑,
741,oricorio-pau,춤추새(훌라훌라스타일),7,일반,댄스포켓몬,FALSE,FALSE,FALSE,FALSE,FALSE,FALSE,TRUE,2,에스퍼,비행,0.6,3.4,1,무희,,,476,75,70,70,98,70,93,2,1,비행,,단익형,담홍,
741,oricorio-sensu,춤추새(하늘하늘스타일),7,일반,댄스포켓몬,FALSE,FALSE,FALSE,FALSE,FALSE,FALSE,TRUE,2,고스트,비행,0.6,3.4,1,무희,,,476,75,70,70,98,70,93,2,1,비행,,단익형,보라,
742,cutiefly,에블리,7,일반,재니등에포켓몬,FALSE,FALSE,FALSE,FALSE,FALSE,FALSE,FALSE,2,벌레,페어리,0.1,0.2,3,꿀모으기,인분,스위트베일,304,40,45,40,55,40,84,2,2,벌레,요정,곤충형,노랑,
743,ribombee,에리본,7,일반,재니등에포켓몬,FALSE,FALSE,FALSE,FALSE,FALSE,FALSE,FALSE,2,벌레,페어리,0.2,0.5,3,꿀모으기,인분,스위트베일,464,60,55,60,95,70,124,2,2,벌레,요정,다익형,노랑,
744,rockruff,암멍이,7,일반,강아지포켓몬,FALSE,FALSE,FALSE,FALSE,FALSE,FALSE,FALSE,1,바위,,0.5,9.2,3,날카로운눈,의기양양,불굴의마음,280,45,65,40,30,40,60,2,1,육상,,사족형,갈색,
745,lycanroc-midday,루가루암(한낮의모습),7,일반,늑대포켓몬,FALSE,FALSE,FALSE,FALSE,FALSE,FALSE,TRUE,1,바위,,0.8,25,3,날카로운눈,모래헤치기,불굴의마음,487,75,115,65,55,65,112,2,1,육상,,사족형,갈색,
745,lycanroc-midnight,루가루암(한밤중의모습),7,일반,늑대포켓몬,FALSE,FALSE,FALSE,FALSE,FALSE,FALSE,TRUE,1,바위,,1.1,25,3,날카로운눈,의기양양,노가드,487,85,115,75,55,75,82,2,1,육상,,이족꼬리형,빨강,
745,lycanroc-dusk,루가루암(황혼의모습),7,일반,늑대포켓몬,FALSE,FALSE,FALSE,FALSE,FALSE,FALSE,TRUE,1,바위,,0.8,25,1,단단한발톱,,,487,75,117,65,55,65,110,2,1,육상,,사족형,갈색,
746,wishiwashi-solo,약어리,7,일반,잔물고기포켓몬,FALSE,FALSE,FALSE,FALSE,FALSE,FALSE,TRUE,1,물,,0.2,0.3,1,어군,,,175,45,20,20,25,25,40,3,1,수중 2,,물고기형,파랑,
746,wishiwashi-school,약어리(군집의모습),7,일반,잔물고기포켓몬,FALSE,FALSE,FALSE,FALSE,FALSE,FALSE,TRUE,1,물,,8.2,78.6,1,어군,,,620,45,140,130,140,135,30,3,1,수중 2,,군집형,파랑,
747,mareanie,시마사리,7,일반,깨비사리포켓몬,FALSE,FALSE,FALSE,FALSE,FALSE,FALSE,FALSE,2,독,물,0.4,8,3,무도한행동,유연,재생력,305,50,53,62,43,52,45,2,1,수중 1,,기둥형,파랑,
748,toxapex,더시마사리,7,일반,깨비사리포켓몬,FALSE,FALSE,FALSE,FALSE,FALSE,FALSE,FALSE,2,독,물,0.7,14.5,3,무도한행동,유연,재생력,495,50,63,152,53,142,35,2,1,수중 1,,다족형,파랑,
749,mudbray,머드나기,7,일반,당나귀포켓몬,FALSE,FALSE,FALSE,FALSE,FALSE,FALSE,FALSE,1,땅,,1,110,3,마이페이스,지구력,정신력,385,70,100,70,45,55,45,2,1,육상,,사족형,갈색,
750,mudsdale,만마드,7,일반,만마포켓몬,FALSE,FALSE,FALSE,FALSE,FALSE,FALSE,FALSE,1,땅,,2.5,920,3,마이페이스,지구력,정신력,500,100,125,100,55,85,35,2,1,육상,,사족형,갈색,
751,dewpider,물거미,7,일반,수포포켓몬,FALSE,FALSE,FALSE,FALSE,FALSE,FALSE,FALSE,2,물,벌레,0.3,4,2,수포,,저수,269,38,40,52,40,72,27,2,2,수중 1,벌레,다리형,초록,
752,araquanid,깨비물거미,7,일반,수포포켓몬,FALSE,FALSE,FALSE,FALSE,FALSE,FALSE,FALSE,2,물,벌레,1.8,82,2,수포,,저수,454,68,70,92,50,132,42,2,2,수중 1,벌레,곤충형,초록,
753,fomantis,짜랑랑,7,일반,풀사마귀포켓몬,FALSE,FALSE,FALSE,FALSE,FALSE,FALSE,FALSE,1,풀,,0.3,1.5,2,리프가드,,심술꾸러기,250,40,55,35,50,35,35,2,1,식물,,이족꼬리형,담홍,
754,lurantis,라란티스,7,일반,꽃사마귀포켓몬,FALSE,FALSE,FALSE,FALSE,FALSE,FALSE,FALSE,1,풀,,0.9,18.5,2,리프가드,,심술꾸러기,480,70,105,90,80,90,45,2,1,식물,,인간형,담홍,
755,morelull,자마슈,7,일반,발광포켓몬,FALSE,FALSE,FALSE,FALSE,FALSE,FALSE,FALSE,2,풀,페어리,0.2,1.5,3,발광,포자,젖은접시,285,40,35,55,65,75,15,2,1,식물,,기둥형,보라,
756,shiinotic,마셰이드,7,일반,발광포켓몬,FALSE,FALSE,FALSE,FALSE,FALSE,FALSE,FALSE,2,풀,페어리,1,11.5,3,발광,포자,젖은접시,405,60,45,80,90,100,30,2,1,식물,,인간형,보라,
757,salandit,야도뇽,7,일반,독도마뱀포켓몬,FALSE,FALSE,FALSE,FALSE,FALSE,FALSE,FALSE,2,독,불꽃,0.6,4.8,2,부식,,둔감,320,48,44,40,71,40,77,2,2,괴수,드래곤,사족형,검정,
758,salazzle,염뉴트,7,일반,독도마뱀포켓몬,FALSE,FALSE,FALSE,FALSE,FALSE,FALSE,FALSE,2,독,불꽃,1.2,22.2,2,부식,,둔감,480,68,64,60,111,60,117,2,2,괴수,드래곤,사족형,검정,
759,stufful,포곰곰,7,일반,바둥바둥포켓몬,FALSE,FALSE,FALSE,FALSE,FALSE,FALSE,FALSE,2,노말,격투,0.5,6.8,3,복슬복슬,서투름,헤롱헤롱바디,340,70,75,50,45,50,50,2,1,육상,,사족형,담홍,
760,bewear,이븐곰,7,일반,강한완력포켓몬,FALSE,FALSE,FALSE,FALSE,FALSE,FALSE,FALSE,2,노말,격투,2.1,135,3,복슬복슬,서투름,긴장감,500,120,125,80,55,60,60,2,1,육상,,이족꼬리형,담홍,
761,bounsweet,달콤아,7,일반,후르츠포켓몬,FALSE,FALSE,FALSE,FALSE,FALSE,FALSE,FALSE,1,풀,,0.3,3.2,3,리프가드,둔감,스위트베일,210,42,30,38,30,38,32,4,1,식물,,다리형,보라,
762,steenee,달무리나,7,일반,후르츠포켓몬,FALSE,FALSE,FALSE,FALSE,FALSE,FALSE,FALSE,1,풀,,0.7,8.2,3,리프가드,둔감,스위트베일,290,52,40,48,40,48,62,4,1,식물,,인간형,보라,
763,tsareena,달코퀸,7,일반,후르츠포켓몬,FALSE,FALSE,FALSE,FALSE,FALSE,FALSE,FALSE,1,풀,,1.2,21.4,3,리프가드,여왕의위엄,스위트베일,510,72,120,98,50,98,72,4,1,식물,,인간형,보라,
764,comfey,큐아링,7,일반,꽃따기포켓몬,FALSE,FALSE,FALSE,FALSE,FALSE,FALSE,FALSE,1,페어리,,0.1,0.3,3,플라워베일,힐링시프트,자연회복,485,51,52,90,82,110,100,3,1,식물,,머리형,초록,
765,oranguru,하랑우탄,7,일반,현자포켓몬,FALSE,FALSE,FALSE,FALSE,FALSE,FALSE,FALSE,2,노말,에스퍼,1.5,76,3,정신력,텔레파시,공생,490,90,60,80,90,110,60,1,1,육상,,인간형,하양,
766,passimian,내던숭이,7,일반,연계포켓몬,FALSE,FALSE,FALSE,FALSE,FALSE,FALSE,FALSE,1,격투,,2,82.8,2,리시버,,오기,490,100,120,90,40,60,80,1,1,육상,,이족꼬리형,하양,
767,wimpod,꼬시레,7,일반,주행포켓몬,FALSE,FALSE,FALSE,FALSE,FALSE,FALSE,FALSE,2,벌레,물,0.5,12,1,도망태세,,,230,25,35,40,20,30,80,2,2,벌레,수중 3,다족형,회색,
768,golisopod,갑주무사,7,일반,장갑포켓몬,FALSE,FALSE,FALSE,FALSE,FALSE,FALSE,FALSE,2,벌레,물,2,108,1,위기회피,,,530,75,125,140,60,90,40,2,2,벌레,수중 3,인간형,회색,
768,golisopod-mega,메가갑주무사,7,일반,장갑포켓몬,FALSE,FALSE,FALSE,FALSE,TRUE,FALSE,FALSE,2,벌레,강철,2.3,148,1,위기회피,,,630,75,150,175,70,120,40,2,2,벌레,수중 3,다족형,회색,https://data1.pokemonkorea.co.kr/newdata/pokedex/full/076802.png
769,sandygast,모래꿍,7,일반,모래산포켓몬,FALSE,FALSE,FALSE,FALSE,FALSE,FALSE,FALSE,2,고스트,땅,0.5,70,2,꾸덕꾸덕굳기,,모래숨기,320,55,55,80,70,45,15,2,1,부정형,,뱀형,갈색,
770,palossand,모래성이당,7,일반,모래성포켓몬,FALSE,FALSE,FALSE,FALSE,FALSE,FALSE,FALSE,2,고스트,땅,1.3,250,2,꾸덕꾸덕굳기,,모래숨기,480,85,75,110,100,75,35,2,1,부정형,,뱀형,갈색,
771,pyukumuku,해무기,7,일반,해삼포켓몬,FALSE,FALSE,FALSE,FALSE,FALSE,FALSE,FALSE,1,물,,0.3,1.2,2,내용물분출,,천진,410,55,60,130,30,130,5,3,1,수중 1,,뱀형,검정,
772,type-null,타입:널,7,준전설,인공포켓몬,FALSE,FALSE,FALSE,FALSE,FALSE,FALSE,FALSE,1,노말,,1.9,120.5,1,전투무장,,,534,95,95,95,95,95,59,1,1,알미발견,,사족형,회색,
773,silvally,실버디,7,준전설,인공포켓몬,FALSE,FALSE,FALSE,FALSE,FALSE,FALSE,TRUE,1,노말,,2.3,100.5,1,AR시스템,,,570,95,95,95,95,95,95,1,1,알미발견,,사족형,회색,
774,minior-meteor,메테노,7,일반,유성포켓몬,FALSE,FALSE,FALSE,FALSE,FALSE,FALSE,TRUE,2,바위,비행,0.3,40,1,리밋실드,,,440,60,60,100,60,100,60,4,1,광물,,머리형,갈색,
774,minior-red-core,메테노(코어의모습),7,일반,유성포켓몬,FALSE,FALSE,FALSE,FALSE,FALSE,FALSE,TRUE,2,바위,비행,0.3,0.3,1,리밋실드,,,500,60,100,60,100,60,120,4,1,광물,,머리형,빨강,
775,komala,자말라,7,일반,꿈결포켓몬,FALSE,FALSE,FALSE,FALSE,FALSE,FALSE,FALSE,1,노말,,0.4,19.9,1,절대안깸,,,480,65,115,65,75,95,65,1,1,육상,,인간형,파랑,
776,turtonator,폭거북스,7,일반,폭발거북포켓몬,FALSE,FALSE,FALSE,FALSE,FALSE,FALSE,FALSE,2,불꽃,드래곤,2,212,1,조가비갑옷,,,485,60,78,135,91,85,36,2,2,괴수,드래곤,이족꼬리형,빨강,
777,togedemaru,토게데마루,7,일반,동글동글포켓몬,FALSE,FALSE,FALSE,FALSE,FALSE,FALSE,FALSE,2,전기,강철,0.3,3.3,3,철가시,피뢰침,옹골참,435,65,98,63,40,73,96,2,2,육상,요정,이족꼬리형,회색,
778,mimikyu,따라큐,7,일반,탈포켓몬,FALSE,FALSE,FALSE,FALSE,FALSE,FALSE,TRUE,2,고스트,페어리,0.2,0.7,1,탈,,,476,55,90,80,50,105,96,2,1,부정형,,뱀형,노랑,
779,bruxish,치갈기,7,일반,이갈기포켓몬,FALSE,FALSE,FALSE,FALSE,FALSE,FALSE,FALSE,2,물,에스퍼,0.9,19,3,비비드바디,옹골찬턱,미라클스킨,475,68,105,70,70,70,92,2,1,수중 2,,물고기형,담홍,
780,drampa,할비롱,7,일반,느긋누긋포켓몬,FALSE,FALSE,FALSE,FALSE,FALSE,FALSE,FALSE,2,노말,드래곤,3,185,3,발끈,초식,날씨부정,485,78,60,85,135,91,36,2,2,괴수,드래곤,뱀형,하양,
780,drampa-mega,메가할비롱,7,일반,느긋누긋포켓몬,FALSE,FALSE,FALSE,FALSE,TRUE,FALSE,FALSE,2,노말,드래곤,3,240.5,3,발끈,초식,,585,78,85,110,160,116,36,2,2,괴수,드래곤,뱀형,검정,https://data1.pokemonkorea.co.kr/newdata/pokedex/full/078002.png
781,dhelmise,타타륜,7,일반,해초조각포켓몬,FALSE,FALSE,FALSE,FALSE,FALSE,FALSE,FALSE,2,고스트,풀,3.9,210,1,강철술사,,,517,70,131,100,86,90,40,2,1,광물,,기둥형,초록,
782,jangmo-o,짜랑꼬,7,일반,비늘포켓몬,FALSE,FALSE,FALSE,FALSE,FALSE,FALSE,FALSE,1,드래곤,,0.6,29.7,3,방탄,방음,방진,300,45,55,65,45,45,45,1,1,드래곤,,사족형,회색,
783,hakamo-o,짜랑고우,7,일반,비늘포켓몬,FALSE,FALSE,FALSE,FALSE,FALSE,FALSE,FALSE,2,드래곤,격투,1.2,47,3,방탄,방음,방진,420,55,75,90,65,70,65,1,1,드래곤,,이족꼬리형,회색,
784,kommo-o,짜랑고우거,7,일반,비늘포켓몬,FALSE,FALSE,FALSE,FALSE,FALSE,FALSE,FALSE,2,드래곤,격투,1.6,78.2,3,방탄,방음,방진,600,75,110,125,100,105,85,1,1,드래곤,,이족꼬리형,회색,
785,tapu-koko,카푸꼬꼬꼭,7,준전설,토속신포켓몬,FALSE,FALSE,FALSE,FALSE,FALSE,FALSE,FALSE,2,전기,페어리,1.8,20.5,2,일렉트릭메이커,,텔레파시,570,70,115,85,95,75,130,1,1,알미발견,,팔형,노랑,
786,tapu-lele,카푸나비나,7,준전설,토속신포켓몬,FALSE,FALSE,FALSE,FALSE,FALSE,FALSE,FALSE,2,에스퍼,페어리,1.2,18.6,2,사이코메이커,,텔레파시,570,70,85,75,130,115,95,1,1,알미발견,,팔형,담홍,
787,tapu-bulu,카푸브루루,7,준전설,토속신포켓몬,FALSE,FALSE,FALSE,FALSE,FALSE,FALSE,FALSE,2,풀,페어리,1.9,45.5,2,그래스메이커,,텔레파시,570,70,130,115,85,95,75,1,1,알미발견,,팔형,빨강,
788,tapu-fini,카푸느지느,7,준전설,토속신포켓몬,FALSE,FALSE,FALSE,FALSE,FALSE,FALSE,FALSE,2,물,페어리,1.3,21.2,2,미스트메이커,,텔레파시,570,70,75,115,95,130,85,1,1,알미발견,,팔형,보라,
789,cosmog,코스모그,7,전설,성운포켓몬,FALSE,FALSE,FALSE,FALSE,FALSE,FALSE,FALSE,1,에스퍼,,0.2,0.1,1,천진,,,200,43,29,31,29,31,37,1,1,알미발견,,머리형,파랑,
790,cosmoem,코스모움,7,전설,원시성포켓몬,FALSE,FALSE,FALSE,FALSE,FALSE,FALSE,FALSE,1,에스퍼,,0.1,999.9,1,옹골참,,,400,43,29,131,29,131,37,1,1,알미발견,,머리형,파랑,
791,solgaleo,솔가레오,7,전설,일륜포켓몬,FALSE,FALSE,FALSE,FALSE,FALSE,FALSE,FALSE,2,에스퍼,강철,3.4,230,1,메탈프로텍트,,,680,137,137,107,113,89,97,1,1,알미발견,,사족형,하양,
792,lunala,루나아라,7,전설,월륜포켓몬,FALSE,FALSE,FALSE,FALSE,FALSE,FALSE,FALSE,2,에스퍼,고스트,4,120,1,스펙터가드,,,680,137,113,89,137,107,97,1,1,알미발견,,단익형,보라,
793,nihilego,텅비드,7,일반,기생포켓몬,FALSE,FALSE,FALSE,FALSE,FALSE,FALSE,FALSE,2,바위,독,1.2,55.5,1,비스트부스트,,,570,109,53,47,127,131,103,1,1,알미발견,,다족형,하양,
794,buzzwole,매시붕,7,일반,팽창포켓몬,FALSE,FALSE,FALSE,FALSE,FALSE,FALSE,FALSE,2,벌레,격투,2.4,333.6,1,비스트부스트,,,570,107,139,139,53,53,79,1,1,알미발견,,다족형,빨강,
795,pheromosa,페로코체,7,일반,염미포켓몬,FALSE,FALSE,FALSE,FALSE,FALSE,FALSE,FALSE,2,벌레,격투,1.8,25,1,비스트부스트,,,570,71,137,37,137,37,151,1,1,알미발견,,인간형,하양,
796,xurkitree,전수목,7,일반,전기장식포켓몬,FALSE,FALSE,FALSE,FALSE,FALSE,FALSE,FALSE,1,전기,,3.8,100,1,비스트부스트,,,570,83,89,71,173,71,83,1,1,알미발견,,이족꼬리형,검정,
797,celesteela,철화구야,7,일반,쏴올리기포켓몬,FALSE,FALSE,FALSE,FALSE,FALSE,FALSE,FALSE,2,강철,비행,9.2,999.9,1,비스트부스트,,,570,97,101,103,107,101,61,1,1,알미발견,,인간형,초록,
798,kartana,종이신도,7,일반,발도포켓몬,FALSE,FALSE,FALSE,FALSE,FALSE,FALSE,FALSE,2,풀,강철,0.3,0.1,1,비스트부스트,,,570,59,181,131,59,31,109,1,1,알미발견,,인간형,하양,
799,guzzlord,악식킹,7,일반,악식성포켓몬,FALSE,FALSE,FALSE,FALSE,FALSE,FALSE,FALSE,2,악,드래곤,5.5,888,1,비스트부스트,,,570,223,101,53,97,53,43,1,1,알미발견,,이족꼬리형,검정,
800,necrozma,네크로즈마,7,전설,프리즘포켓몬,FALSE,FALSE,FALSE,FALSE,FALSE,FALSE,TRUE,1,에스퍼,,2.4,230,1,프리즘아머,,,600,97,107,101,127,89,79,1,1,알미발견,,팔형,검정,
800,necrozma-dusk-mane,네크로즈마(황혼의갈기),7,전설,프리즘포켓몬,FALSE,FALSE,FALSE,FALSE,FALSE,FALSE,TRUE,2,에스퍼,강철,3.8,460,1,프리즘아머,,,680,97,157,127,113,109,77,1,1,알미발견,,사족형,노랑,
800,necrozma-dawn-wings,네크로즈마(새벽의날개),7,전설,프리즘포켓몬,FALSE,FALSE,FALSE,FALSE,FALSE,FALSE,TRUE,2,에스퍼,고스트,4.2,350,1,프리즘아머,,,680,97,113,109,157,127,77,1,1,알미발견,,단익형,파랑,
800,necrozma-ultra,울트라네크로즈마,7,전설,프리즘포켓몬,FALSE,FALSE,FALSE,FALSE,FALSE,FALSE,TRUE,2,에스퍼,드래곤,7.5,230,1,브레인포스,,,754,97,167,97,167,97,129,1,1,알미발견,,다익형,노랑,
801,magearna,마기아나,7,환상,인조포켓몬,FALSE,FALSE,FALSE,FALSE,FALSE,FALSE,TRUE,2,강철,페어리,1,80.5,1,소울하트,,,600,80,95,115,130,115,65,1,1,알미발견,,인간형,회색,
801,magearna-mega,메가마기아나,7,환상,인조포켓몬,FALSE,FALSE,FALSE,FALSE,TRUE,FALSE,TRUE,2,강철,페어리,1.3,248.1,1,소울하트,,,700,80,125,115,170,115,95,1,1,알미발견,,인간형,빨강,https://data1.pokemonkorea.co.kr/newdata/pokedex/full/080102.png
802,marshadow,마샤도,7,환상,그림자살이포켓몬,FALSE,FALSE,FALSE,FALSE,FALSE,FALSE,FALSE,2,격투,고스트,0.7,22.2,1,테크니션,,,600,90,125,80,90,90,125,1,1,알미발견,,인간형,회색,
803,poipole,베베놈,7,일반,독침포켓몬,FALSE,FALSE,FALSE,FALSE,FALSE,FALSE,FALSE,1,독,,0.6,1.8,1,비스트부스트,,,420,67,73,67,73,67,73,1,1,알미발견,,이족꼬리형,보라,
804,naganadel,아고용,7,일반,독침포켓몬,FALSE,FALSE,FALSE,FALSE,FALSE,FALSE,FALSE,2,독,드래곤,3.6,150,1,비스트부스트,,,540,73,73,73,127,73,121,1,1,알미발견,,단익형,보라,
805,stakataka,차곡차곡,7,일반,돌담포켓몬,FALSE,FALSE,FALSE,FALSE,FALSE,FALSE,FALSE,2,바위,강철,5.5,820,1,비스트부스트,,,570,61,131,211,53,101,13,1,1,알미발견,,사족형,회색,
806,blacephalon,두파팡,7,일반,불꽃놀이포켓몬,FALSE,FALSE,FALSE,FALSE,FALSE,FALSE,FALSE,2,불꽃,고스트,1.8,13,1,비스트부스트,,,570,53,127,53,151,79,107,1,1,알미발견,,인간형,하양,
807,zeraora,제라오라,7,환상,신뢰포켓몬,FALSE,FALSE,FALSE,FALSE,FALSE,FALSE,FALSE,1,전기,,1.5,44.5,1,축전,,,600,88,112,75,102,80,143,1,1,알미발견,,인간형,노랑,
807,zeraora-mega,메가제라오라,7,환상,신뢰포켓몬,FALSE,FALSE,FALSE,FALSE,TRUE,FALSE,FALSE,1,전기,,1.5,44.5,1,축전,,,700,88,157,75,147,80,153,1,1,알미발견,,인간형,검정,https://data1.pokemonkorea.co.kr/newdata/pokedex/full/080702.png
808,meltan,멜탄,7,환상,너트포켓몬,FALSE,FALSE,FALSE,FALSE,FALSE,FALSE,FALSE,1,강철,,0.2,8,1,자력,,,300,46,65,65,55,35,34,1,1,알미발견,,머리형,회색,
809,melmetal,멜메탈,7,환상,너트포켓몬,FALSE,FALSE,FALSE,FALSE,FALSE,TRUE,FALSE,1,강철,,2.5,800,1,철주먹,,,600,135,143,143,80,65,34,1,1,알미발견,,인간형,회색,
810,grookey,흥나숭,8,일반,꼬마원숭이포켓몬,FALSE,FALSE,FALSE,FALSE,FALSE,FALSE,FALSE,1,풀,,0.3,5,2,심록,,그래스메이커,310,50,65,50,40,40,65,4,2,육상,식물,이족꼬리형,초록,
811,thwackey,채키몽,8,일반,비트포켓몬,FALSE,FALSE,FALSE,FALSE,FALSE,FALSE,FALSE,1,풀,,0.7,14,2,심록,,그래스메이커,420,70,85,70,55,60,80,4,2,육상,식물,이족꼬리형,초록,
812,rillaboom,고릴타,8,일반,드러머포켓몬,FALSE,FALSE,FALSE,FALSE,FALSE,TRUE,FALSE,1,풀,,2.1,90,2,심록,,그래스메이커,530,100,125,90,60,70,85,4,2,육상,식물,인간형,초록,
813,scorbunny,염버니,8,일반,토끼포켓몬,FALSE,FALSE,FALSE,FALSE,FALSE,FALSE,FALSE,1,불꽃,,0.3,4.5,2,맹화,,리베로,310,50,71,40,40,40,69,4,2,육상,인간형,이족꼬리형,하양,
814,raboot,래비풋,8,일반,토끼포켓몬,FALSE,FALSE,FALSE,FALSE,FALSE,FALSE,FALSE,1,불꽃,,0.6,9,2,맹화,,리베로,420,65,86,60,55,60,94,4,2,육상,인간형,이족꼬리형,회색,
815,cinderace,에이스번,8,일반,스트라이커포켓몬,FALSE,FALSE,FALSE,FALSE,FALSE,TRUE,FALSE,1,불꽃,,1.4,33,2,맹화,,리베로,530,80,116,75,65,75,119,4,2,육상,인간형,이족꼬리형,하양,
816,sobble,울머기,8,일반,물도마뱀포켓몬,FALSE,FALSE,FALSE,FALSE,FALSE,FALSE,FALSE,1,물,,0.3,4,2,급류,,스나이퍼,310,50,40,40,70,40,70,4,2,수중 1,육상,사족형,파랑,
817,drizzile,누겔레온,8,일반,물도마뱀포켓몬,FALSE,FALSE,FALSE,FALSE,FALSE,FALSE,FALSE,1,물,,0.7,11.5,2,급류,,스나이퍼,420,65,60,55,95,55,90,4,2,수중 1,육상,이족꼬리형,파랑,
818,inteleon,인텔리레온,8,일반,에이전트포켓몬,FALSE,FALSE,FALSE,FALSE,FALSE,TRUE,FALSE,1,물,,1.9,45.2,2,급류,,스나이퍼,530,70,85,65,125,65,120,4,2,수중 1,육상,이족꼬리형,파랑,
819,skwovet,탐리스,8,일반,볼가득포켓몬,FALSE,FALSE,FALSE,FALSE,FALSE,FALSE,FALSE,1,노말,,0.3,2.5,2,볼주머니,,먹보,275,70,55,55,35,35,25,2,1,육상,,이족꼬리형,갈색,
820,greedent,요씽리스,8,일반,욕심쟁이포켓몬,FALSE,FALSE,FALSE,FALSE,FALSE,FALSE,FALSE,1,노말,,0.6,6,2,볼주머니,,먹보,460,120,95,95,55,75,20,2,1,육상,,이족꼬리형,갈색,
821,rookidee,파라꼬,8,일반,아기새포켓몬,FALSE,FALSE,FALSE,FALSE,FALSE,FALSE,FALSE,1,비행,,0.2,1.8,3,날카로운눈,긴장감,부풀린가슴,245,38,47,35,33,35,57,4,1,비행,,단익형,파랑,
822,corvisquire,파크로우,8,일반,까마귀포켓몬,FALSE,FALSE,FALSE,FALSE,FALSE,FALSE,FALSE,1,비행,,0.8,16,3,날카로운눈,긴장감,부풀린가슴,365,68,67,55,43,55,77,4,1,비행,,단익형,파랑,
823,corviknight,아머까오,8,일반,까마귀포켓몬,FALSE,FALSE,FALSE,FALSE,FALSE,TRUE,FALSE,2,비행,강철,2.2,75,3,프레셔,긴장감,미러아머,495,98,87,105,53,85,67,4,1,비행,,단익형,보라,
824,blipbug,두루지벌레,8,일반,유충포켓몬,FALSE,FALSE,FALSE,FALSE,FALSE,FALSE,FALSE,1,벌레,,0.4,8,3,벌레의알림,복안,텔레파시,180,25,20,20,25,45,45,2,1,벌레,,곤충형,파랑,
825,dottler,레돔벌레,8,일반,레이돔포켓몬,FALSE,FALSE,FALSE,FALSE,FALSE,FALSE,FALSE,2,벌레,에스퍼,0.4,19.5,3,벌레의알림,복안,텔레파시,335,50,35,80,50,90,30,2,1,벌레,,곤충형,노랑,
826,orbeetle,이올브,8,일반,칠성포켓몬,FALSE,FALSE,FALSE,FALSE,FALSE,TRUE,FALSE,2,벌레,에스퍼,0.4,40.8,3,벌레의알림,통찰,텔레파시,505,60,45,110,80,120,90,2,1,벌레,,단익형,빨강,
827,nickit,훔처우,8,일반,여우포켓몬,FALSE,FALSE,FALSE,FALSE,FALSE,FALSE,FALSE,1,악,,0.6,8.9,3,도주,곡예,잠복,245,40,28,28,47,52,50,3,1,육상,,사족형,갈색,
828,thievul,폭슬라이,8,일반,여우포켓몬,FALSE,FALSE,FALSE,FALSE,FALSE,FALSE,FALSE,1,악,,1.2,19.9,3,도주,곡예,잠복,455,70,58,58,87,92,90,3,1,육상,,사족형,갈색,
829,gossifleur,꼬모카,8,일반,꽃장식포켓몬,FALSE,FALSE,FALSE,FALSE,FALSE,FALSE,FALSE,1,풀,,0.4,2.2,3,솜털,재생력,포자,250,40,40,60,40,60,10,2,1,식물,,기둥형,초록,
830,eldegoss,백솜모카,8,일반,솜장식포켓몬,FALSE,FALSE,FALSE,FALSE,FALSE,FALSE,FALSE,1,풀,,0.5,2.5,3,솜털,재생력,포자,460,60,50,90,80,120,60,2,1,식물,,기둥형,초록,
831,wooloo,우르,8,일반,양포켓몬,FALSE,FALSE,FALSE,FALSE,FALSE,FALSE,FALSE,1,노말,,0.6,6,3,복슬복슬,도주,방탄,270,42,40,55,40,45,48,2,1,육상,,사족형,하양,
832,dubwool,배우르,8,일반,양포켓몬,FALSE,FALSE,FALSE,FALSE,FALSE,FALSE,FALSE,1,노말,,1.3,43,3,복슬복슬,불굴의마음,방탄,490,72,80,100,60,90,88,2,1,육상,,사족형,하양,
833,chewtle,깨물부기,8,일반,물고늘어지기포켓몬,FALSE,FALSE,FALSE,FALSE,FALSE,FALSE,FALSE,1,물,,0.3,8.5,3,옹골찬턱,조가비갑옷,쓱쓱,284,50,64,50,38,38,44,2,2,괴수,수중 1,사족형,초록,
834,drednaw,갈가부기,8,일반,물어뜯기포켓몬,FALSE,FALSE,FALSE,FALSE,FALSE,TRUE,FALSE,2,물,바위,1,115.5,3,옹골찬턱,조가비갑옷,쓱쓱,485,90,115,90,48,68,74,2,2,괴수,수중 1,사족형,초록,
835,yamper,멍파치,8,일반,강아지포켓몬,FALSE,FALSE,FALSE,FALSE,FALSE,FALSE,FALSE,1,전기,,0.3,13.5,2,볼줍기,,주눅,270,59,45,50,40,50,26,3,1,육상,,사족형,노랑,
836,boltund,펄스멍,8,일반,개포켓몬,FALSE,FALSE,FALSE,FALSE,FALSE,FALSE,FALSE,1,전기,,1,34,2,옹골찬턱,,승기,490,69,90,60,90,60,121,3,1,육상,,사족형,노랑,
837,rolycoly,탄동,8,일반,석탄포켓몬,FALSE,FALSE,FALSE,FALSE,FALSE,FALSE,FALSE,1,바위,,0.3,12,3,증기기관,내열,타오르는불꽃,240,30,40,50,40,50,30,4,1,광물,,머리형,검정,
838,carkol,탄차곤,8,일반,석탄포켓몬,FALSE,FALSE,FALSE,FALSE,FALSE,FALSE,FALSE,2,바위,불꽃,1.1,78,3,증기기관,불꽃몸,타오르는불꽃,410,80,60,90,60,70,50,4,1,광물,,다리형,검정,
839,coalossal,석탄산,8,일반,석탄포켓몬,FALSE,FALSE,FALSE,FALSE,FALSE,TRUE,FALSE,2,바위,불꽃,2.8,310.5,3,증기기관,불꽃몸,타오르는불꽃,510,110,80,120,80,90,30,4,1,광물,,인간형,검정,
840,applin,과사삭벌레,8,일반,사과살이포켓몬,FALSE,FALSE,FALSE,FALSE,FALSE,FALSE,FALSE,2,풀,드래곤,0.2,0.5,3,숙성,먹보,방탄,260,40,40,80,40,40,20,5,2,식물,드래곤,뱀형,초록,
841,flapple,애프룡,8,일반,사과날개포켓몬,FALSE,FALSE,FALSE,FALSE,FALSE,TRUE,FALSE,2,풀,드래곤,0.3,1,3,숙성,먹보,의욕,485,70,110,80,95,60,70,5,2,식물,드래곤,단익형,초록,
842,appletun,단지래플,8,일반,사과즙포켓몬,FALSE,FALSE,FALSE,FALSE,FALSE,TRUE,FALSE,2,풀,드래곤,0.4,13,3,숙성,먹보,두꺼운지방,485,110,85,80,100,80,30,5,2,식물,드래곤,사족형,초록,
843,silicobra,모래뱀,8,일반,모래뱀포켓몬,FALSE,FALSE,FALSE,FALSE,FALSE,FALSE,FALSE,1,땅,,2.2,7.6,3,모래뿜기,탈피,모래숨기,315,52,57,75,35,50,46,2,2,육상,드래곤,뱀형,초록,
844,sandaconda,사다이사,8,일반,모래뱀포켓몬,FALSE,FALSE,FALSE,FALSE,FALSE,TRUE,FALSE,1,땅,,3.8,65.5,3,모래뿜기,탈피,모래숨기,510,72,107,125,65,70,71,2,2,육상,드래곤,뱀형,초록,
845,cramorant,윽우지,8,일반,그대로삼키기포켓몬,FALSE,FALSE,FALSE,FALSE,FALSE,FALSE,TRUE,2,비행,물,0.8,18,1,그대로꿀꺽미사일,,,475,70,85,55,85,95,85,2,2,수중 1,비행,단익형,파랑,
846,arrokuda,찌로꼬치,8,일반,돌격포켓몬,FALSE,FALSE,FALSE,FALSE,FALSE,FALSE,FALSE,1,물,,0.5,1,2,쓱쓱,,스크루지느러미,280,41,63,40,40,30,66,1,1,수중 2,,물고기형,갈색,
847,barraskewda,꼬치조,8,일반,꼬치포켓몬,FALSE,FALSE,FALSE,FALSE,FALSE,FALSE,FALSE,1,물,,1.3,30,2,쓱쓱,,스크루지느러미,490,61,123,60,60,50,136,1,1,수중 2,,물고기형,갈색,
848,toxel,일레즌,8,일반,젖먹이포켓몬,FALSE,FALSE,FALSE,FALSE,FALSE,FALSE,FALSE,2,전기,독,0.4,11,3,주눅,정전기,서투름,242,40,38,35,54,35,40,4,1,알미발견,,이족꼬리형,보라,
849,toxtricity-amped,스트린더(하이한모습),8,일반,펑크포켓몬,FALSE,FALSE,FALSE,FALSE,FALSE,TRUE,TRUE,2,전기,독,1.6,40,3,펑크록,플러스,테크니션,502,75,98,70,114,70,75,4,1,인간형,,이족꼬리형,보라,
849,toxtricity-low-key,스트린더(로우한모습),8,일반,펑크포켓몬,FALSE,FALSE,FALSE,FALSE,FALSE,TRUE,TRUE,2,전기,독,1.6,40,3,펑크록,마이너스,테크니션,502,75,98,70,114,70,75,4,1,인간형,,이족꼬리형,보라,
850,sizzlipede,태우지네,8,일반,발열포켓몬,FALSE,FALSE,FALSE,FALSE,FALSE,FALSE,FALSE,2,불꽃,벌레,0.7,1,3,타오르는불꽃,하얀연기,불꽃몸,305,50,65,45,50,50,45,2,1,벌레,,다족형,빨강,
851,centiskorch,다태우지네,8,일반,발열포켓몬,FALSE,FALSE,FALSE,FALSE,FALSE,TRUE,FALSE,2,불꽃,벌레,3,120,3,타오르는불꽃,하얀연기,불꽃몸,525,100,115,65,90,90,65,2,1,벌레,,다족형,빨강,
852,clobbopus,때때무노,8,일반,떼쟁이포켓몬,FALSE,FALSE,FALSE,FALSE,FALSE,FALSE,FALSE,1,격투,,0.6,4,2,유연,,테크니션,310,50,68,60,50,50,32,4,2,수중 1,인간형,다족형,갈색,
853,grapploct,케오퍼스,8,일반,유술포켓몬,FALSE,FALSE,FALSE,FALSE,FALSE,FALSE,FALSE,1,격투,,1.6,39,2,유연,,테크니션,480,80,118,90,70,80,42,4,2,수중 1,인간형,다족형,파랑,
854,sinistea,데인차,8,일반,홍차포켓몬,FALSE,FALSE,FALSE,FALSE,FALSE,FALSE,TRUE,1,고스트,,0.1,0.2,2,깨어진갑옷,,저주받은바디,308,40,45,45,74,54,50,2,2,광물,부정형,머리형,보라,
855,polteageist,포트데스,8,일반,홍차포켓몬,FALSE,FALSE,FALSE,FALSE,FALSE,FALSE,TRUE,1,고스트,,0.2,0.4,2,깨어진갑옷,,저주받은바디,508,60,65,65,134,114,70,2,2,광물,부정형,머리형,보라,
856,hatenna,몸지브림,8,일반,차분포켓몬,FALSE,FALSE,FALSE,FALSE,FALSE,FALSE,FALSE,1,에스퍼,,0.4,3.4,3,치유의마음,위험예지,매직미러,265,42,30,45,56,53,39,1,1,요정,,다리형,담홍,
857,hattrem,손지브림,8,일반,정숙포켓몬,FALSE,FALSE,FALSE,FALSE,FALSE,FALSE,FALSE,1,에스퍼,,0.6,4.8,3,치유의마음,위험예지,매직미러,370,57,40,65,86,73,49,1,1,요정,,인간형,담홍,
858,hatterene,브리무음,8,일반,정적포켓몬,FALSE,FALSE,FALSE,FALSE,FALSE,TRUE,FALSE,2,에스퍼,페어리,2.1,5.1,3,치유의마음,위험예지,매직미러,510,57,90,95,136,103,29,1,1,요정,,기둥형,담홍,
859,impidimp,메롱꿍,8,일반,꾀부리기포켓몬,FALSE,FALSE,FALSE,FALSE,FALSE,FALSE,FALSE,2,악,페어리,0.4,5.5,3,짓궂은마음,통찰,나쁜손버릇,265,45,45,30,55,40,50,2,2,요정,인간형,인간형,담홍,
860,morgrem,쏘겨모,8,일반,성악포켓몬,FALSE,FALSE,FALSE,FALSE,FALSE,FALSE,FALSE,2,악,페어리,0.8,12.5,3,짓궂은마음,통찰,나쁜손버릇,370,65,60,45,75,55,70,2,2,요정,인간형,인간형,담홍,
861,grimmsnarl,오롱털,8,일반,벌크업포켓몬,FALSE,FALSE,FALSE,FALSE,FALSE,TRUE,FALSE,2,악,페어리,1.5,61,3,짓궂은마음,통찰,나쁜손버릇,510,95,120,65,95,75,60,2,2,요정,인간형,인간형,보라,
862,obstagoon,가로막구리,8,일반,정지포켓몬,FALSE,FALSE,FALSE,FALSE,FALSE,FALSE,FALSE,2,악,노말,1.6,46,3,이판사판,근성,오기,520,93,90,101,60,81,95,2,1,육상,,이족꼬리형,회색,
863,perrserker,나이킹,8,일반,바이킹포켓몬,FALSE,FALSE,FALSE,FALSE,FALSE,FALSE,FALSE,1,강철,,0.8,28,3,전투무장,단단한발톱,강철정신,440,70,110,100,50,60,50,2,1,육상,,이족꼬리형,갈색,
864,cursola,산호르곤,8,일반,산호포켓몬,FALSE,FALSE,FALSE,FALSE,FALSE,FALSE,FALSE,1,고스트,,1,0.4,2,깨어진갑옷,,멸망의바디,510,60,95,50,145,130,30,3,2,수중 1,수중 3,팔형,하양,
865,sirfetchd,창파나이트,8,일반,청둥오리포켓몬,FALSE,FALSE,FALSE,FALSE,FALSE,FALSE,FALSE,1,격투,,0.8,117,2,불굴의마음,,배짱,507,62,135,95,68,82,65,2,2,비행,육상,단익형,하양,
866,mr-rime,마임꽁꽁,8,일반,코미디언포켓몬,FALSE,FALSE,FALSE,FALSE,FALSE,FALSE,FALSE,2,얼음,에스퍼,1.5,58.2,3,갈지자걸음,배리어프리,아이스바디,520,80,85,75,110,100,70,2,1,인간형,,인간형,보라,
867,runerigus,데스판,8,일반,원념포켓몬,FALSE,FALSE,FALSE,FALSE,FALSE,FALSE,FALSE,2,땅,고스트,1.6,66.6,1,떠도는영혼,,,483,58,95,145,50,105,30,2,2,광물,부정형,기둥형,회색,
868,milcery,마빌크,8,일반,크림포켓몬,FALSE,FALSE,FALSE,FALSE,FALSE,FALSE,FALSE,1,페어리,,0.2,0.3,2,스위트베일,,아로마베일,270,45,40,40,50,61,34,2,2,요정,부정형,머리형,하양,
869,alcremie,마휘핑,8,일반,크림포켓몬,FALSE,FALSE,FALSE,FALSE,FALSE,TRUE,TRUE,1,페어리,,0.3,0.5,2,스위트베일,,아로마베일,495,65,60,75,110,121,64,2,2,요정,부정형,기둥형,하양,
870,falinks,대여르,8,일반,진형포켓몬,FALSE,FALSE,FALSE,FALSE,FALSE,FALSE,FALSE,1,격투,,3,62,2,전투무장,,오기,470,65,100,100,70,60,75,2,2,요정,광물,군집형,노랑,
870,falinks-mega,메가대여르,8,일반,진형포켓몬,FALSE,FALSE,FALSE,FALSE,TRUE,FALSE,FALSE,1,격투,,1.6,99,2,전투무장,,,570,65,135,135,70,65,100,2,2,요정,광물,군집형,노랑,https://data1.pokemonkorea.co.kr/newdata/pokedex/full/087002.png
871,pincurchin,찌르성게,8,일반,성게포켓몬,FALSE,FALSE,FALSE,FALSE,FALSE,FALSE,FALSE,1,전기,,0.3,1,2,피뢰침,,일렉트릭메이커,435,48,101,95,91,85,15,2,2,수중 1,부정형,다족형,보라,
872,snom,누니머기,8,일반,애벌레포켓몬,FALSE,FALSE,FALSE,FALSE,FALSE,FALSE,FALSE,2,얼음,벌레,0.3,3.8,2,인분,,얼음인분,185,30,25,35,45,30,20,2,1,벌레,,뱀형,하양,
873,frosmoth,모스노우,8,일반,얼음나방포켓몬,FALSE,FALSE,FALSE,FALSE,FALSE,FALSE,FALSE,2,얼음,벌레,1.3,42,2,인분,,얼음인분,475,70,65,60,125,90,65,2,1,벌레,,다익형,하양,
874,stonjourner,돌헨진,8,일반,거석포켓몬,FALSE,FALSE,FALSE,FALSE,FALSE,FALSE,FALSE,1,바위,,2.5,520,1,파워스폿,,,470,100,125,135,20,20,70,1,1,광물,,다리형,회색,
875,eiscue-ice,빙큐보,8,일반,펭귄포켓몬,FALSE,FALSE,FALSE,FALSE,FALSE,FALSE,TRUE,1,얼음,,1.4,89,1,아이스페이스,,,470,75,80,110,65,90,50,1,2,수중 1,육상,이족꼬리형,파랑,
875,eiscue-noice,빙큐보(나이스페이스),8,일반,펭귄포켓몬,FALSE,FALSE,FALSE,FALSE,FALSE,FALSE,TRUE,1,얼음,,1.4,89,1,아이스페이스,,,470,75,80,70,65,50,130,1,2,수중 1,육상,이족꼬리형,파랑,
876,indeedee-male,에써르(수컷),8,일반,감정포켓몬,FALSE,FALSE,FALSE,FALSE,FALSE,FALSE,TRUE,2,에스퍼,노말,0.9,28,3,정신력,싱크로,사이코메이커,475,60,65,55,105,95,95,3,1,요정,,이족꼬리형,보라,
876,indeedee-female,에써르(암컷),8,일반,감정포켓몬,FALSE,FALSE,FALSE,FALSE,FALSE,FALSE,TRUE,2,에스퍼,노말,0.9,28,3,마이페이스,싱크로,사이코메이커,475,70,55,65,95,105,85,3,1,요정,,이족꼬리형,보라,
877,morpeko-full-belly,모르페코,8,일반,양면포켓몬,FALSE,FALSE,FALSE,FALSE,FALSE,FALSE,TRUE,2,전기,악,0.3,3,1,꼬르륵스위치,,,436,58,95,58,70,58,97,2,2,육상,요정,인간형,노랑,
877,morpeko-hangry,모르페코(배고픈모양),8,일반,양면포켓몬,FALSE,FALSE,FALSE,FALSE,FALSE,FALSE,TRUE,2,전기,악,0.3,3,1,꼬르륵스위치,,,436,58,95,58,70,58,97,2,2,육상,요정,인간형,보라,
878,cufant,끼리동,8,일반,동상포켓몬,FALSE,FALSE,FALSE,FALSE,FALSE,FALSE,FALSE,1,강철,,1.2,100,2,우격다짐,,헤비메탈,330,72,80,49,40,49,40,2,2,육상,광물,사족형,노랑,
879,copperajah,대왕끼리동,8,일반,동상포켓몬,FALSE,FALSE,FALSE,FALSE,FALSE,TRUE,FALSE,1,강철,,3,650,2,우격다짐,,헤비메탈,500,122,130,69,80,69,30,2,2,육상,광물,사족형,초록,
880,dracozolt,파치래곤,8,일반,화석포켓몬,FALSE,FALSE,FALSE,FALSE,FALSE,FALSE,FALSE,2,전기,드래곤,1.8,190,3,축전,의욕,모래헤치기,505,90,100,90,80,70,75,1,1,알미발견,,이족꼬리형,초록,
881,arctozolt,파치르돈,8,일반,화석포켓몬,FALSE,FALSE,FALSE,FALSE,FALSE,FALSE,FALSE,2,전기,얼음,2.3,150,3,축전,정전기,눈치우기,505,90,100,90,90,80,55,1,1,알미발견,,이족꼬리형,파랑,
882,dracovish,어래곤,8,일반,화석포켓몬,FALSE,FALSE,FALSE,FALSE,FALSE,FALSE,FALSE,2,물,드래곤,2.3,215,3,저수,옹골찬턱,모래헤치기,505,90,90,100,70,80,75,1,1,알미발견,,다리형,초록,
883,arctovish,어치르돈,8,일반,화석포켓몬,FALSE,FALSE,FALSE,FALSE,FALSE,FALSE,FALSE,2,물,얼음,2,175,3,저수,아이스바디,눈치우기,505,90,90,100,80,90,55,1,1,알미발견,,물고기형,파랑,
884,duraludon,두랄루돈,8,일반,합금포켓몬,FALSE,FALSE,FALSE,FALSE,FALSE,TRUE,FALSE,2,강철,드래곤,1.8,40,3,라이트메탈,헤비메탈,굳건한신념,535,70,95,115,120,50,85,2,2,광물,드래곤,이족꼬리형,하양,
885,dreepy,드라꼰,8,일반,원망포켓몬,FALSE,FALSE,FALSE,FALSE,FALSE,FALSE,FALSE,2,드래곤,고스트,0.5,2,3,클리어바디,틈새포착,저주받은바디,270,28,60,30,40,30,82,1,2,부정형,드래곤,뱀형,초록,
886,drakloak,드래런치,8,일반,돌보미포켓몬,FALSE,FALSE,FALSE,FALSE,FALSE,FALSE,FALSE,2,드래곤,고스트,1.4,11,3,클리어바디,틈새포착,저주받은바디,410,68,80,50,60,50,102,1,2,부정형,드래곤,팔형,초록,
887,dragapult,드래펄트,8,일반,스텔스포켓몬,FALSE,FALSE,FALSE,FALSE,FALSE,FALSE,FALSE,2,드래곤,고스트,3,50,3,클리어바디,틈새포착,저주받은바디,600,88,120,75,100,75,142,1,2,부정형,드래곤,이족꼬리형,초록,
888,zacian,자시안,8,전설,강자포켓몬,FALSE,FALSE,FALSE,FALSE,FALSE,FALSE,TRUE,1,페어리,,2.8,110,1,불요의검,,,660,92,120,115,80,115,138,1,1,알미발견,,사족형,파랑,
888,zacian-crowned,자시안(검왕),8,전설,강자포켓몬,FALSE,FALSE,FALSE,FALSE,FALSE,FALSE,TRUE,2,페어리,강철,2.8,355,1,불요의검,,,700,92,150,115,80,115,148,1,1,알미발견,,사족형,파랑,
889,zamazenta,자마젠타,8,전설,강자포켓몬,FALSE,FALSE,FALSE,FALSE,FALSE,FALSE,TRUE,1,격투,,2.9,210,1,불굴의방패,,,660,92,120,115,80,115,138,1,1,알미발견,,사족형,빨강,
889,zamazenta-crowned,자마젠타(방패왕),8,전설,강자포켓몬,FALSE,FALSE,FALSE,FALSE,FALSE,FALSE,TRUE,2,격투,강철,2.9,785,1,불굴의방패,,,700,92,120,140,80,140,128,1,1,알미발견,,사족형,빨강,
890,eternatus,무한다이노,8,전설,거대포켓몬,FALSE,FALSE,FALSE,FALSE,FALSE,FALSE,TRUE,2,독,드래곤,20,950,1,프레셔,,,690,140,85,95,145,95,130,1,1,알미발견,,단익형,보라,
890,eternatus-eternamax,무한다이노(무한다이맥스),8,전설,거대포켓몬,FALSE,FALSE,FALSE,FALSE,FALSE,FALSE,TRUE,2,독,드래곤,100,0,1,프레셔,,,1125,255,115,250,125,250,130,1,1,알미발견,,뱀형,보라,
891,kubfu,치고마,8,준전설,권법포켓몬,FALSE,FALSE,FALSE,FALSE,FALSE,FALSE,FALSE,1,격투,,0.6,12,1,정신력,,,385,60,90,60,53,50,72,1,1,알미발견,,이족꼬리형,회색,
892,urshifu-single-strike,우라오스(일격의태세),8,준전설,권법포켓몬,FALSE,FALSE,FALSE,FALSE,FALSE,TRUE,TRUE,2,격투,악,1.9,105,1,보이지않는주먹,,,550,100,130,100,63,60,97,1,1,알미발견,,인간형,회색,
892,urshifu-rapid-strike,우라오스(연격의태세),8,준전설,권법포켓몬,FALSE,FALSE,FALSE,FALSE,FALSE,TRUE,TRUE,2,격투,물,1.9,105,1,보이지않는주먹,,,550,100,130,100,63,60,97,1,1,알미발견,,인간형,회색,
893,zarude,자루도,8,환상,나쁜원숭이포켓몬,FALSE,FALSE,FALSE,FALSE,FALSE,FALSE,TRUE,2,악,풀,1.8,70,1,리프가드,,,600,105,120,105,70,95,105,1,1,알미발견,,이족꼬리형,검정,
894,regieleki,레지에레키,8,준전설,일렉트론포켓몬,FALSE,FALSE,FALSE,FALSE,FALSE,FALSE,FALSE,1,전기,,1.2,145,1,트랜지스터,,,580,80,100,50,100,50,200,1,1,알미발견,,인간형,노랑,
895,regidrago,레지드래고,8,준전설,용옥포켓몬,FALSE,FALSE,FALSE,FALSE,FALSE,FALSE,FALSE,1,드래곤,,2.1,200,1,용의턱,,,580,200,100,50,100,50,80,1,1,알미발견,,인간형,초록,
896,glastrier,블리자포스,8,준전설,사나운말포켓몬,FALSE,FALSE,FALSE,FALSE,FALSE,FALSE,FALSE,1,얼음,,2.2,800,1,백의울음,,,580,100,145,130,65,110,30,1,1,알미발견,,사족형,하양,
897,spectrier,레이스포스,8,준전설,빠른말포켓몬,FALSE,FALSE,FALSE,FALSE,FALSE,FALSE,FALSE,1,고스트,,2,44.5,1,흑의울음,,,580,100,65,60,145,80,130,1,1,알미발견,,사족형,검정,
898,calyrex,버드렉스,8,전설,킹포켓몬,FALSE,FALSE,FALSE,FALSE,FALSE,FALSE,TRUE,2,에스퍼,풀,1.1,7.7,1,긴장감,,,500,100,80,80,80,80,80,1,1,알미발견,,인간형,초록,
898,calyrex-ice-rider,버드렉스(백마탄모습),8,전설,킹포켓몬,FALSE,FALSE,FALSE,FALSE,FALSE,FALSE,TRUE,2,에스퍼,얼음,2.4,809.1,1,혼연일체,,,680,100,165,150,85,130,50,1,1,알미발견,,사족형,하양,
898,calyrex-shadow-rider,버드렉스(흑마탄모습),8,전설,킹포켓몬,FALSE,FALSE,FALSE,FALSE,FALSE,FALSE,TRUE,2,에스퍼,고스트,2.4,53.6,1,혼연일체,,,680,100,85,80,165,100,150,1,1,알미발견,,사족형,검정,
899,wyrdeer,신비록,8,일반,큰뿔포켓몬,FALSE,FALSE,FALSE,FALSE,FALSE,FALSE,FALSE,2,노말,에스퍼,1.8,95.1,3,위협,통찰,초식,525,103,105,72,105,75,65,1,1,육상,,사족형,회색,
900,kleavor,사마자르,8,일반,큰도끼포켓몬,FALSE,FALSE,FALSE,FALSE,FALSE,FALSE,FALSE,2,벌레,바위,1.8,89,3,벌레의알림,우격다짐,예리함,500,70,135,95,45,70,85,2,1,벌레,,다익형,갈색,
901,ursaluna,다투곰,8,일반,이탄포켓몬,FALSE,FALSE,FALSE,FALSE,FALSE,FALSE,TRUE,2,땅,노말,2.4,290,3,근성,방탄,긴장감,550,130,140,105,45,80,50,2,1,육상,,사족형,갈색,
901,ursaluna-bloodmoon,붉은달다투곰,8,일반,이탄포켓몬,FALSE,FALSE,FALSE,FALSE,FALSE,FALSE,TRUE,2,땅,노말,2.4,290,1,심안,,,555,113,70,120,135,65,52,2,1,육상,,사족형,갈색,
902,basculegion-male,대쓰여너(수컷),8,일반,큰물고기포켓몬,FALSE,FALSE,FALSE,FALSE,FALSE,FALSE,TRUE,2,물,고스트,3,110,3,쓱쓱,적응력,틀깨기,530,120,112,65,80,75,78,2,1,수중 2,,물고기형,초록,
902,basculegion-female,대쓰여너(암컷),8,일반,큰물고기포켓몬,FALSE,FALSE,FALSE,FALSE,FALSE,FALSE,TRUE,2,물,고스트,3,110,3,쓱쓱,적응력,틀깨기,530,120,92,65,100,75,78,2,1,수중 2,,물고기형,초록,
903,sneasler,포푸니크,8,일반,클라이밍포켓몬,FALSE,FALSE,FALSE,FALSE,FALSE,FALSE,FALSE,2,격투,독,1.3,43,3,프레셔,곡예,독수,510,80,130,60,40,80,120,4,1,육상,,이족꼬리형,파랑,
904,overqwil,장침바루,8,일반,침붕포켓몬몬,FALSE,FALSE,FALSE,FALSE,FALSE,FALSE,FALSE,2,악,독,2.5,60.5,3,독가시,쓱쓱,위협,510,85,115,95,65,65,85,2,1,수중 2,,물고기형,검정,
905,enamorus-incarnate,러브로스,8,준전설,애증포켓몬,FALSE,FALSE,FALSE,FALSE,FALSE,FALSE,TRUE,2,페어리,비행,1.6,48,2,헤롱헤롱바디,,심술꾸러기,580,74,115,70,135,80,106,1,1,알미발견,,팔형,담홍,
905,enamorus-therian,러브로스(영물폽),8,준전설,애증포켓몬,FALSE,FALSE,FALSE,FALSE,FALSE,FALSE,TRUE,2,페어리,비행,1.6,48,1,방진,,,580,74,115,110,135,100,46,1,1,알미발견,,사족형,담홍,
906,sprigatito,나오하,9,일반,풀고양이포켓몬,FALSE,FALSE,FALSE,FALSE,FALSE,FALSE,FALSE,1,풀,,0.4,4.1,2,심록,,변환자재,310,40,61,54,45,45,65,4,2,육상,식물,사족형,초록,
907,floragato,나로테,9,일반,풀고양이포켓몬,FALSE,FALSE,FALSE,FALSE,FALSE,FALSE,FALSE,1,풀,,0.9,12.2,2,심록,,변환자재,410,61,80,63,60,63,83,4,2,육상,식물,이족꼬리형,초록,
908,meowscarada,마스카나,9,일반,매지션포켓몬,FALSE,FALSE,FALSE,FALSE,FALSE,FALSE,FALSE,2,풀,악,1.5,31.2,2,심록,,변환자재,530,76,110,70,81,70,123,4,2,육상,식물,이족꼬리형,초록,
909,fuecoco,뜨아거,9,일반,불꽃악어포켓몬,FALSE,FALSE,FALSE,FALSE,FALSE,FALSE,FALSE,1,불꽃,,0.4,9.8,2,맹화,,천진,310,67,45,59,63,40,36,4,1,육상,,이족꼬리형,빨강,
910,crocalor,악뜨거,9,일반,불꽃악어포켓몬,FALSE,FALSE,FALSE,FALSE,FALSE,FALSE,FALSE,1,불꽃,,1,30.7,2,맹화,,천진,411,81,55,78,90,58,49,4,1,육상,,이족꼬리형,빨강,
911,skeledirge,라우드본,9,일반,싱어포켓몬,FALSE,FALSE,FALSE,FALSE,FALSE,FALSE,FALSE,2,불꽃,고스트,1.6,326.5,2,맹화,,천진,530,104,75,100,110,75,66,4,1,육상,,사족형,빨강,
912,quaxly,꾸왁스,9,일반,꼬마오리포켓몬,FALSE,FALSE,FALSE,FALSE,FALSE,FALSE,FALSE,1,물,,0.5,6.1,2,급류,,자기과신,310,55,65,45,50,45,50,4,2,비행,수중 1,이족꼬리형,파랑,
913,quaxwell,아꾸왁,9,일반,레슨포켓몬,FALSE,FALSE,FALSE,FALSE,FALSE,FALSE,FALSE,1,물,,1.2,21.5,2,급류,,자기과신,410,70,85,65,65,60,65,4,2,비행,수중 1,이족꼬리형,파랑,
914,quaquaval,웨이니발,9,일반,댄서포켓몬,FALSE,FALSE,FALSE,FALSE,FALSE,FALSE,FALSE,2,물,격투,1.8,61.9,2,급류,,자기과신,530,85,120,80,85,75,85,4,2,비행,수중 1,이족꼬리형,파랑,
915,lechonk,맛보돈,9,일반,돼지포켓몬,FALSE,FALSE,FALSE,FALSE,FALSE,FALSE,FALSE,1,노말,,0.5,10.2,3,아로마베일,먹보,두꺼운지방,254,54,45,40,35,45,35,2,1,육상,,사족형,회색,
916,oinkologne-male,퍼퓨돈(수컷),9,일반,돼지포켓몬,FALSE,FALSE,FALSE,FALSE,FALSE,FALSE,TRUE,1,노말,,1,120,3,가시지않는향기,먹보,두꺼운지방,489,110,100,75,59,80,65,2,1,육상,,사족형,회색,
916,oinkologne-female,퍼퓨돈(암컷),9,일반,돼지포켓몬,FALSE,FALSE,FALSE,FALSE,FALSE,FALSE,TRUE,1,노말,,1,120,3,아로마베일,먹보,두꺼운지방,489,115,90,70,59,90,65,2,1,육상,,사족형,갈색,
917,tarountula,타랜툴라,9,일반,실타래포켓몬,FALSE,FALSE,FALSE,FALSE,FALSE,FALSE,FALSE,1,벌레,,0.3,4,2,불면,,잠복,210,35,41,45,29,40,20,5,1,벌레,,곤충형,하양,
918,spidops,트래피더,9,일반,트랩포켓몬,FALSE,FALSE,FALSE,FALSE,FALSE,FALSE,FALSE,1,벌레,,1,16.5,2,불면,,잠복,404,60,79,92,52,86,35,5,1,벌레,,곤충형,초록,
919,nymble,콩알뚜기,9,일반,메뚜기포켓몬,FALSE,FALSE,FALSE,FALSE,FALSE,FALSE,FALSE,1,벌레,,0.2,1,2,벌레의알림,,색안경,210,33,46,40,21,25,45,2,1,벌레,,곤충형,회색,
920,lokix,엑스레그,9,일반,메뚜기포켓몬,FALSE,FALSE,FALSE,FALSE,FALSE,FALSE,FALSE,2,벌레,악,1,17.5,2,벌레의알림,,색안경,450,71,102,78,52,55,92,2,1,벌레,,인간형,회색,
921,pawmi,빠모,9,일반,쥐포켓몬,FALSE,FALSE,FALSE,FALSE,FALSE,FALSE,FALSE,1,전기,,0.3,2.5,3,정전기,자연회복,철주먹,240,45,50,20,40,25,60,2,1,육상,,사족형,노랑,
922,pawmo,빠모트,9,일반,쥐포켓몬,FALSE,FALSE,FALSE,FALSE,FALSE,FALSE,FALSE,2,전기,격투,0.4,6.5,3,축전,자연회복,철주먹,350,60,75,40,50,40,85,2,1,육상,,이족꼬리형,노랑,
923,pawmot,빠르모트,9,일반,손길포켓몬,FALSE,FALSE,FALSE,FALSE,FALSE,FALSE,FALSE,2,전기,격투,0.9,41,3,축전,자연회복,철주먹,490,70,115,70,70,60,105,2,1,육상,,이족꼬리형,노랑,
924,tandemaus,두리쥐,9,일반,커플포켓몬,FALSE,FALSE,FALSE,FALSE,FALSE,FALSE,FALSE,1,노말,,0.3,1.8,3,도주,픽업,마이페이스,305,50,50,45,40,45,75,3,2,육상,요정,군집형,하양,
925,maushold-family4,파밀리쥐,9,일반,패밀리포켓몬,FALSE,FALSE,FALSE,FALSE,FALSE,FALSE,TRUE,1,노말,,0.3,2.8,3,프렌드가드,볼주머니,테크니션,470,74,75,70,65,75,111,3,2,육상,요정,군집형,하양,
926,fidough,쫀도기,9,일반,강아지포켓몬,FALSE,FALSE,FALSE,FALSE,FALSE,FALSE,FALSE,1,페어리,,0.3,10.9,2,마이페이스,,서투름,312,37,55,70,30,55,65,4,2,육상,광물,사족형,노랑,
927,dachsbun,바우첼,9,일반,개포켓몬,FALSE,FALSE,FALSE,FALSE,FALSE,FALSE,FALSE,1,페어리,,0.5,14.9,2,노릇노릇바디,,아로마베일,477,57,80,115,50,80,95,4,2,육상,광물,사족형,갈색,
928,smoliv,미니브,9,일반,올리브포켓몬,FALSE,FALSE,FALSE,FALSE,FALSE,FALSE,FALSE,2,풀,노말,0.3,6.5,2,일찍기상,,수확,260,41,35,45,58,51,30,4,1,식물,,다리형,초록,
929,dolliv,올리뇨,9,일반,올리브포켓몬,FALSE,FALSE,FALSE,FALSE,FALSE,FALSE,FALSE,2,풀,노말,0.6,11.9,2,일찍기상,,수확,354,52,53,60,78,78,33,4,1,식물,,인간형,초록,
930,arboliva,올리르바,9,일반,올리브포켓몬,FALSE,FALSE,FALSE,FALSE,FALSE,FALSE,FALSE,2,풀,노말,1.4,48.2,2,넘치는씨,,수확,510,78,69,90,125,109,39,4,1,식물,,인간형,초록,
931,squawkabilly-green,시비꼬(그린페더),9,일반,잉꼬포켓몬,FALSE,FALSE,FALSE,FALSE,FALSE,FALSE,TRUE,2,노말,비행,0.6,2.4,3,위협,의욕,근성,417,82,96,51,45,51,92,5,1,비행,,단익형,초록,
931,squawkabilly-blue,시비꼬(블루페더),9,일반,잉꼬포켓몬,FALSE,FALSE,FALSE,FALSE,FALSE,FALSE,TRUE,2,노말,비행,0.6,2.4,3,위협,의욕,근성,417,82,96,51,45,51,92,5,1,비행,,단익형,파랑,
931,squawkabilly-yellow,시비꼬(옐로페더),9,일반,잉꼬포켓몬,FALSE,FALSE,FALSE,FALSE,FALSE,FALSE,TRUE,2,노말,비행,0.6,2.4,3,위협,의욕,우격다짐,417,82,96,51,45,51,92,5,1,비행,,단익형,노랑,
931,squawkabilly-white,시비꼬(화이트페더),9,일반,잉꼬포켓몬,FALSE,FALSE,FALSE,FALSE,FALSE,FALSE,TRUE,2,노말,비행,0.6,2.4,3,위협,의욕,우격다짐,417,82,96,51,45,51,92,5,1,비행,,단익형,하양,
932,nacli,베베솔트,9,일반,암염포켓몬,FALSE,FALSE,FALSE,FALSE,FALSE,FALSE,FALSE,1,바위,,0.4,16,3,정화의소금,옹골참,클리어바디,280,55,55,75,35,35,25,4,1,광물,,머리형,갈색,
933,naclstack,스태솔트,9,일반,암염포켓몬,FALSE,FALSE,FALSE,FALSE,FALSE,FALSE,FALSE,1,바위,,0.6,105,3,정화의소금,옹골참,클리어바디,355,60,60,100,35,65,35,4,1,광물,,사족형,갈색,
934,garganacl,콜로솔트,9,일반,암염포켓몬,FALSE,FALSE,FALSE,FALSE,FALSE,FALSE,FALSE,1,바위,,2.3,240,3,정화의소금,옹골참,클리어바디,500,100,100,130,45,90,35,4,1,광물,,인간형,갈색,
935,charcadet,카르본,9,일반,불의아이포켓몬,FALSE,FALSE,FALSE,FALSE,FALSE,FALSE,FALSE,1,불꽃,,0.6,10.5,2,타오르는불꽃,,불꽃몸,255,40,50,40,50,40,35,1,1,인간형,,인간형,빨강,
936,armarouge,카디나르마,9,일반,불의전사포켓몬,FALSE,FALSE,FALSE,FALSE,FALSE,FALSE,FALSE,2,불꽃,에스퍼,1.5,85,2,타오르는불꽃,,깨어진갑옷,525,85,60,100,125,80,75,1,1,인간형,,인간형,빨강,
937,ceruledge,파라블레이즈,9,일반,불의검사포켓몬,FALSE,FALSE,FALSE,FALSE,FALSE,FALSE,FALSE,2,불꽃,고스트,1.6,62,2,타오르는불꽃,,깨어진갑옷,525,75,125,80,60,100,85,1,1,인간형,,인간형,보라,
938,tadbulb,빈나두,9,일반,전기올챙이포켓몬,FALSE,FALSE,FALSE,FALSE,FALSE,FALSE,FALSE,1,전기,,0.3,0.4,3,마이페이스,정전기,습기,272,61,31,41,59,35,45,2,1,수중 1,,머리형,노랑,
939,bellibolt,찌리배리,9,일반,전기개구리포켓몬,FALSE,FALSE,FALSE,FALSE,FALSE,FALSE,FALSE,1,전기,,1.2,113,3,전기로바꾸기,정전기,습기,495,109,64,91,103,83,45,2,1,수중 1,,인간형,초록,
940,wattrel,찌리비,9,일반,바다제비포켓몬,FALSE,FALSE,FALSE,FALSE,FALSE,FALSE,FALSE,2,전기,비행,0.4,3.6,3,풍력발전,축전,승기,280,40,40,35,55,40,70,4,2,수중 1,비행,단익형,검정,
941,kilowattrel,찌리비크,9,일반,군함조포켓몬,FALSE,FALSE,FALSE,FALSE,FALSE,FALSE,FALSE,2,전기,비행,1.4,38.6,3,풍력발전,축전,승기,490,70,70,60,105,60,125,4,2,수중 1,비행,단익형,노랑,
942,maschiff,오라티프,9,일반,애송이포켓몬,FALSE,FALSE,FALSE,FALSE,FALSE,FALSE,FALSE,1,악,,0.5,16,3,위협,도주,잠복,340,60,78,60,40,51,51,4,1,육상,,사족형,갈색,
943,mabosstiff,마피티프,9,일반,두목포켓몬,FALSE,FALSE,FALSE,FALSE,FALSE,FALSE,FALSE,1,악,,1.1,61,3,위협,파수견,잠복,505,80,120,90,60,70,85,4,1,육상,,사족형,회색,
944,shroodle,땃쭈르,9,일반,독쥐포켓몬,FALSE,FALSE,FALSE,FALSE,FALSE,FALSE,FALSE,2,독,노말,0.2,0.7,3,곡예,나쁜손버릇,짓궂은마음,290,40,65,35,40,35,75,4,1,육상,,사족형,회색,
945,grafaiai,태깅구르,9,일반,독원숭이포켓몬,FALSE,FALSE,FALSE,FALSE,FALSE,FALSE,FALSE,2,독,노말,0.7,27.2,3,곡예,독수,짓궂은마음,485,63,95,65,80,72,110,4,1,육상,,이족꼬리형,회색,
946,bramblin,그푸리,9,일반,회전초포켓몬,FALSE,FALSE,FALSE,FALSE,FALSE,FALSE,FALSE,2,풀,고스트,0.6,0.6,2,바람타기,,틈새포착,275,40,65,30,45,35,60,2,1,식물,,머리형,갈색,
947,brambleghast,공푸리,9,일반,회전초포켓몬,FALSE,FALSE,FALSE,FALSE,FALSE,FALSE,FALSE,2,풀,고스트,1.2,6,2,바람타기,,틈새포착,480,55,115,70,80,70,90,2,1,식물,,머리형,갈색,
948,toedscool,들눈해,9,일반,목이버섯포켓몬,FALSE,FALSE,FALSE,FALSE,FALSE,FALSE,FALSE,2,땅,풀,0.9,33,2,균사의힘,,,335,40,40,35,50,100,70,4,1,식물,,다리형,노랑,
949,toedscruel,육파리,9,일반,목이버섯포켓몬,FALSE,FALSE,FALSE,FALSE,FALSE,FALSE,FALSE,2,땅,풀,1.9,58,2,균사의힘,,,515,80,70,65,80,120,100,4,1,식물,,다족형,검정,
950,klawf,절벼게,9,일반,매복포켓몬,FALSE,FALSE,FALSE,FALSE,FALSE,FALSE,FALSE,1,바위,,1.3,79,3,분노의껍질,조가비갑옷,재생력,450,70,100,115,35,55,75,2,1,수중 3,,곤충형,빨강,
951,capsakid,캡싸이,9,일반,하바네로포켓몬,FALSE,FALSE,FALSE,FALSE,FALSE,FALSE,FALSE,1,풀,,0.3,3,3,엽록소,불면,서투름,304,50,62,40,62,40,50,2,1,식물,,이족꼬리형,초록,
952,scovillain,스코빌런,9,일반,하바네로포켓몬,FALSE,FALSE,FALSE,FALSE,FALSE,FALSE,FALSE,2,풀,불꽃,0.9,15,3,엽록소,불면,변덕쟁이,486,65,108,65,108,65,75,2,1,식물,,이족꼬리형,초록,
952,scovillain-mega,메가스코빌런,9,일반,하바네로포켓몬,FALSE,FALSE,FALSE,FALSE,TRUE,FALSE,FALSE,2,풀,불꽃,1.2,22,3,엽록소,불면,,586,65,138,85,138,85,75,2,1,식물,,이족꼬리형,초록,https://data1.pokemonkorea.co.kr/newdata/pokedex/full/095202.png
953,rellor,구르데,9,일반,굴리기포켓몬,FALSE,FALSE,FALSE,FALSE,FALSE,FALSE,FALSE,1,벌레,,0.2,1,2,복안,,탈피,270,41,50,60,31,58,30,3,1,벌레,,곤충형,갈색,
954,rabsca,베라카스,9,일반,굴리기포켓몬,FALSE,FALSE,FALSE,FALSE,FALSE,FALSE,FALSE,2,벌레,에스퍼,0.3,3.5,2,싱크로,,텔레파시,470,75,50,85,115,100,45,3,1,벌레,,곤충형,초록,
955,flittle,하느라기,9,일반,프릴포켓몬,FALSE,FALSE,FALSE,FALSE,FALSE,FALSE,FALSE,1,에스퍼,,0.2,1.5,3,위험예지,통찰,가속,255,30,35,30,55,30,75,4,1,비행,,다리형,노랑,
956,espathra,클레스퍼트라,9,일반,타조포켓몬,FALSE,FALSE,FALSE,FALSE,FALSE,FALSE,FALSE,1,에스퍼,,1.9,90,3,편승,통찰,가속,481,95,60,60,101,60,105,4,1,비행,,이족꼬리형,노랑,
957,tinkatink,어리짱,9,일반,대장장이포켓몬,FALSE,FALSE,FALSE,FALSE,FALSE,FALSE,FALSE,2,페어리,강철,0.4,8.9,3,틀깨기,마이페이스,나쁜손버릇,297,50,45,45,35,64,58,4,1,요정,,인간형,담홍,
958,tinkatuff,벼리짱,9,일반,해머포켓몬,FALSE,FALSE,FALSE,FALSE,FALSE,FALSE,FALSE,2,페어리,강철,0.7,59.1,3,틀깨기,마이페이스,나쁜손버릇,380,65,55,55,45,82,78,4,1,요정,,인간형,담홍,
959,tinkaton,두드리짱,9,일반,해머포켓몬,FALSE,FALSE,FALSE,FALSE,FALSE,FALSE,FALSE,2,페어리,강철,0.7,112.8,3,틀깨기,마이페이스,나쁜손버릇,506,85,75,77,70,105,94,4,1,요정,,인간형,담홍,
960,wiglett,바다그다,9,일반,정원장어포켓몬,FALSE,FALSE,FALSE,FALSE,FALSE,FALSE,FALSE,1,물,,1.2,1.8,3,미끈미끈,주눅,모래숨기,245,10,55,25,35,25,95,2,1,수중 3,,기둥형,하양,
961,wugtrio,바닥트리오,9,일반,정원장어포켓몬,FALSE,FALSE,FALSE,FALSE,FALSE,FALSE,FALSE,1,물,,1.2,5.4,3,미끈미끈,주눅,모래숨기,425,35,100,50,50,70,120,2,1,수중 3,,기둥형,빨강,
962,bombirdier,떨구새,9,일반,낙하물포켓몬,FALSE,FALSE,FALSE,FALSE,FALSE,FALSE,FALSE,2,비행,악,1.5,42.9,3,부풀린가슴,날카로운눈,바위나르기,485,70,103,85,60,85,82,1,1,비행,,단익형,하양,
963,finizen,맨돌핀,9,일반,돌고래포켓몬,FALSE,FALSE,FALSE,FALSE,FALSE,FALSE,FALSE,1,물,,1.3,60.2,2,수의베일,,,315,70,45,40,45,40,75,1,2,육상,수중 2,물고기형,파랑,
964,palafin-zero,돌핀맨,9,일반,돌고래포켓몬,FALSE,FALSE,FALSE,FALSE,FALSE,FALSE,TRUE,1,물,,1.3,60.2,2,마이티체인지,,,457,100,70,72,53,62,100,1,2,육상,수중 2,물고기형,파랑,
964,palafin-hero,돌핀맨(마이티폼),9,일반,돌고래포켓몬,FALSE,FALSE,FALSE,FALSE,FALSE,FALSE,TRUE,1,물,,1.8,97.4,2,마이티체인지,,,650,100,160,97,106,87,100,1,2,육상,수중 2,물고기형,파랑,
965,varoom,부르롱,9,일반,단기통포켓몬,FALSE,FALSE,FALSE,FALSE,FALSE,FALSE,FALSE,2,강철,독,1,35,2,방진,,슬로스타트,300,45,70,63,30,45,47,2,1,광물,,다리형,회색,
966,revavroom,부르르룸,9,일반,다기통포켓몬,FALSE,FALSE,FALSE,FALSE,FALSE,FALSE,FALSE,2,강철,독,1.8,120,2,방진,,필터,500,80,119,90,54,67,90,2,1,광물,,다리형,회색,
967,cyclizar,모토마,9,일반,라이드포켓몬,FALSE,FALSE,FALSE,FALSE,FALSE,FALSE,FALSE,2,드래곤,노말,1.6,63,2,탈피,,재생력,501,70,95,65,85,65,121,4,1,육상,,사족형,초록,
968,orthworm,꿈트렁,9,일반,지렁이포켓몬,FALSE,FALSE,FALSE,FALSE,FALSE,FALSE,FALSE,1,강철,,2.5,310,2,흙먹기,,모래숨기,480,70,85,145,60,55,65,1,1,육상,,뱀형,담홍,
969,glimmet,초롱순,9,일반,광석포켓몬,FALSE,FALSE,FALSE,FALSE,FALSE,FALSE,FALSE,2,바위,독,0.7,8,2,독치장,,부식,350,48,35,42,105,60,60,4,1,광물,,머리형,파랑,
970,glimmora,킬라플로르,9,일반,광석포켓몬,FALSE,FALSE,FALSE,FALSE,FALSE,FALSE,FALSE,2,바위,독,1.5,45,2,독치장,,부식,525,83,55,90,130,81,86,4,1,광물,,머리형,파랑,
970,glimmora-mega,메가킬라플로르,9,일반,광석포켓몬,FALSE,FALSE,FALSE,FALSE,TRUE,FALSE,FALSE,2,바위,독,2.8,77,2,독치장,,,625,83,90,105,150,96,101,4,1,광물,,머리형,파랑,https://data1.pokemonkorea.co.kr/newdata/pokedex/full/097002.png
971,greavard,망망이,9,일반,유령개포켓몬,FALSE,FALSE,FALSE,FALSE,FALSE,FALSE,FALSE,1,고스트,,0.6,35,2,픽업,,복슬복슬,290,50,61,60,30,55,34,4,1,육상,,사족형,하양,
972,houndstone,묘두기,9,일반,유령개포켓몬,FALSE,FALSE,FALSE,FALSE,FALSE,FALSE,FALSE,1,고스트,,2,15,2,모래헤치기,,복슬복슬,488,72,101,100,50,97,68,4,1,육상,,사족형,하양,
973,flamigo,꼬이밍고,9,일반,싱크로포켓몬,FALSE,FALSE,FALSE,FALSE,FALSE,FALSE,FALSE,2,비행,격투,1.6,37,3,배짱,갈지자걸음,협연,500,82,115,74,75,64,90,4,1,비행,,단익형,담홍,
974,cetoddle,터벅고래,9,일반,육지고래포켓몬,FALSE,FALSE,FALSE,FALSE,FALSE,FALSE,FALSE,1,얼음,,1.2,45,3,두꺼운지방,눈숨기,우격다짐,334,108,68,45,30,40,43,4,1,육상,,이족꼬리형,하양,
975,cetitan,우락고래,9,일반,육지고래포켓몬,FALSE,FALSE,FALSE,FALSE,FALSE,FALSE,FALSE,1,얼음,,4.5,700,3,두꺼운지방,눈치우기,우격다짐,521,170,113,65,45,55,73,4,1,육상,,이족꼬리형,하양,
976,veluza,가비루사,9,일반,분리포켓몬,FALSE,FALSE,FALSE,FALSE,FALSE,FALSE,FALSE,2,물,에스퍼,2.5,90,2,틀깨기,,예리함,478,90,102,73,78,65,70,3,1,수중 2,,물고기형,회색,
977,dondozo,어써러셔,9,일반,큰메기포켓몬,FALSE,FALSE,FALSE,FALSE,FALSE,FALSE,FALSE,1,물,,12,220,3,천진,둔감,수의베일,530,150,100,115,65,65,35,1,1,수중 2,,물고기형,파랑,
978,tatsugiri-curly,싸리용,9,일반,의태포켓몬,FALSE,FALSE,FALSE,FALSE,FALSE,FALSE,TRUE,2,드래곤,물,0.3,8,2,사령탑,,마중물,475,68,50,60,120,95,82,4,1,수중 2,,물고기형,빨강,
978,tatsugiri-curly-mega,메가싸리용,9,일반,의태포켓몬,FALSE,FALSE,FALSE,FALSE,TRUE,FALSE,TRUE,2,드래곤,물,0.6,24,2,사령탑,,,575,68,65,90,135,125,92,4,1,수중 2,,군집형,빨강,https://data1.pokemonkorea.co.kr/newdata/pokedex/full/097804.png
979,annihilape,저승갓숭,9,일반,분노숭이포켓몬,FALSE,FALSE,FALSE,FALSE,FALSE,FALSE,FALSE,2,격투,고스트,1.2,56,3,의기양양,정신력,오기,535,110,115,80,50,90,90,2,1,육상,,인간형,회색,
980,clodsire,토오,9,일반,가시물고기포켓몬,FALSE,FALSE,FALSE,FALSE,FALSE,FALSE,FALSE,2,독,땅,1.8,223,3,독가시,저수,천진,430,130,75,60,45,100,20,2,2,수중 1,육상,사족형,갈색,
981,farigiraf,키키링,9,일반,긴목포켓몬,FALSE,FALSE,FALSE,FALSE,FALSE,FALSE,FALSE,2,노말,에스퍼,3.2,160,3,되새김질,테일아머,초식,520,120,90,70,110,70,60,2,1,육상,,사족형,갈색,
982,dudunsparce-two-segment,노고고치,9,일반,땅뱀포켓몬,FALSE,FALSE,FALSE,FALSE,FALSE,FALSE,TRUE,1,노말,,3.6,39.2,3,하늘의은총,도주,주눅,520,125,100,80,85,75,55,2,1,육상,,뱀형,노랑,
983,kingambit,대도각참,9,일반,대도포켓몬,FALSE,FALSE,FALSE,FALSE,FALSE,FALSE,FALSE,2,악,강철,2,120,3,오기,총대장,프레셔,550,100,135,120,60,85,50,2,1,인간형,,인간형,검정,
984,great-tusk,위대한엄니,9,일반,패러독스포켓몬,FALSE,FALSE,FALSE,FALSE,FALSE,FALSE,FALSE,2,땅,격투,2.2,320,1,고대활성,,,570,115,131,131,53,53,87,1,1,알미발견,,사족형,보라,
985,scream-tail,우렁찬꼬리,9,일반,패러독스포켓몬,FALSE,FALSE,FALSE,FALSE,FALSE,FALSE,FALSE,2,페어리,에스퍼,1.2,8,1,고대활성,,,570,115,65,99,65,115,111,1,1,알미발견,,이족꼬리형,담홍,
986,brute-bonnet,사나운버섯,9,일반,패러독스포켓몬,FALSE,FALSE,FALSE,FALSE,FALSE,FALSE,FALSE,2,풀,악,1.2,21,1,고대활성,,,570,111,127,99,79,99,55,1,1,알미발견,,사족형,하양,
987,flutter-mane,날개치는머리,9,일반,패러독스포켓몬,FALSE,FALSE,FALSE,FALSE,FALSE,FALSE,FALSE,2,고스트,페어리,1.4,4,1,고대활성,,,570,55,55,55,135,135,135,1,1,알미발견,,단익형,회색,
988,slither-wing,땅을기는날개,9,일반,패러독스포켓몬,FALSE,FALSE,FALSE,FALSE,FALSE,FALSE,FALSE,2,벌레,격투,3.2,92,1,고대활성,,,570,85,135,79,85,105,81,1,1,알미발견,,사족형,하양,
989,sandy-shocks,모래털가죽,9,일반,패러독스포켓몬,FALSE,FALSE,FALSE,FALSE,FALSE,FALSE,FALSE,2,전기,땅,2.3,60,1,고대활성,,,570,85,81,97,121,85,101,1,1,알미발견,,사족형,회색,
990,iron-treads,무쇠바퀴,9,일반,패러독스포켓몬,FALSE,FALSE,FALSE,FALSE,FALSE,FALSE,FALSE,2,땅,강철,0.9,240,1,쿼크차지,,,570,90,112,120,72,70,106,1,1,알미발견,,사족형,회색,
991,iron-bundle,무쇠보따리,9,일반,패러독스포켓몬,FALSE,FALSE,FALSE,FALSE,FALSE,FALSE,FALSE,2,얼음,물,0.6,11,1,쿼크차지,,,570,56,80,114,124,60,136,1,1,알미발견,,이족꼬리형,빨강,
992,iron-hands,무쇠손,9,일반,패러독스포켓몬,FALSE,FALSE,FALSE,FALSE,FALSE,FALSE,FALSE,2,격투,전기,1.8,380.7,1,쿼크차지,,,570,154,140,108,50,68,50,1,1,알미발견,,인간형,회색,
993,iron-jugulis,무쇠머리,9,일반,패러독스포켓몬,FALSE,FALSE,FALSE,FALSE,FALSE,FALSE,FALSE,2,악,비행,1.3,111,1,쿼크차지,,,570,94,80,86,122,80,108,1,1,알미발견,,이족꼬리형,파랑,
994,iron-moth,무쇠독나방,9,일반,패러독스포켓몬,FALSE,FALSE,FALSE,FALSE,FALSE,FALSE,FALSE,2,불꽃,독,1.2,36,1,쿼크차지,,,570,80,70,60,140,110,110,1,1,알미발견,,다익형,하양,
995,iron-thorns,무쇠가시,9,일반,패러독스포켓몬,FALSE,FALSE,FALSE,FALSE,FALSE,FALSE,FALSE,2,바위,전기,1.6,303,1,쿼크차지,,,570,100,134,110,70,84,72,1,1,알미발견,,이족꼬리형,초록,
996,frigibax,드니차,9,일반,얼음지느러미포켓몬,FALSE,FALSE,FALSE,FALSE,FALSE,FALSE,FALSE,2,드래곤,얼음,0.5,17,2,열교환,,아이스바디,320,65,75,45,35,45,55,1,2,드래곤,광물,이족꼬리형,회색,
997,arctibax,드니꽁,9,일반,얼음지느러미포켓몬,FALSE,FALSE,FALSE,FALSE,FALSE,FALSE,FALSE,2,드래곤,얼음,0.8,30,2,열교환,,아이스바디,423,90,95,66,45,65,62,1,2,드래곤,광물,이족꼬리형,파랑,
998,baxcalibur,드닐레이브,9,일반,빙룡포켓몬,FALSE,FALSE,FALSE,FALSE,FALSE,FALSE,FALSE,2,드래곤,얼음,2.1,210,2,열교환,,아이스바디,600,115,145,92,75,86,87,1,2,드래곤,광물,이족꼬리형,파랑,
998,baxcalibur-mega,메가드닐레이브,9,일반,빙룡포켓몬,FALSE,FALSE,FALSE,FALSE,TRUE,FALSE,FALSE,2,드래곤,얼음,2.1,315,2,열교환,,,700,115,175,117,105,101,87,1,2,드래곤,광물,이족꼬리형,파랑,https://data1.pokemonkorea.co.kr/newdata/pokedex/full/099802.png
999,gimmighoul,모으령,9,일반,보물상자포켓몬,FALSE,FALSE,FALSE,FALSE,FALSE,FALSE,TRUE,1,고스트,,0.3,5,1,주눅,,,300,45,30,70,75,70,10,1,1,알미발견,,기둥형,빨강,
999,gimmighoul-roaming,모으령(도보폼),9,일반,보물상자포켓몬,FALSE,FALSE,FALSE,FALSE,FALSE,FALSE,TRUE,1,고스트,,0.1,1,2,도주,,,300,45,30,25,75,45,80,1,1,알미발견,,인간형,회색,
1000,gholdengo,타부자고,9,일반,보물생명체포켓몬,FALSE,FALSE,FALSE,FALSE,FALSE,FALSE,FALSE,2,강철,고스트,1.2,30,1,황금몸,,,550,87,60,95,133,91,84,1,1,알미발견,,인간형,노랑,
1001,wo-chien,총지엔,9,준전설,재액포켓몬,FALSE,FALSE,FALSE,FALSE,FALSE,FALSE,FALSE,2,악,풀,1.5,74.2,1,재앙의목간,,,570,85,85,100,95,135,70,1,1,알미발견,,뱀형,갈색,
1002,chien-pao,파오젠,9,준전설,재액포켓몬,FALSE,FALSE,FALSE,FALSE,FALSE,FALSE,FALSE,2,악,얼음,1.9,152.2,1,재앙의검,,,570,80,120,80,90,65,135,1,1,알미발견,,사족형,하양,
1003,ting-lu,딩루,9,준전설,재액포켓몬,FALSE,FALSE,FALSE,FALSE,FALSE,FALSE,FALSE,2,악,땅,2.7,699.7,1,재앙의그릇,,,570,155,110,125,55,80,45,1,1,알미발견,,사족형,갈색,
1004,chi-yu,위유이,9,준전설,재액포켓몬,FALSE,FALSE,FALSE,FALSE,FALSE,FALSE,FALSE,2,악,불꽃,0.4,4.9,1,재앙의구슬,,,570,55,80,80,135,120,100,1,1,알미발견,,물고기형,빨강,
1005,roaring-moon,고동치는달,9,일반,패러독스포켓몬,FALSE,FALSE,FALSE,FALSE,FALSE,FALSE,FALSE,2,드래곤,악,2,380,1,고대활성,,,590,105,139,71,55,101,119,1,1,알미발견,,사족형,파랑,
1006,iron-valiant,무쇠무인,9,일반,패러독스포켓몬,FALSE,FALSE,FALSE,FALSE,FALSE,FALSE,FALSE,2,페어리,격투,1.4,35,1,쿼크차지,,,590,74,130,90,120,60,116,1,1,알미발견,,인간형,하양,
1007,koraidon,코라이돈,9,전설,패러독스포켓몬,FALSE,FALSE,FALSE,FALSE,FALSE,FALSE,FALSE,2,격투,드래곤,2.5,303,1,진홍빛고동,,,670,100,135,115,85,100,135,1,1,알미발견,,이족꼬리형,빨강,
1008,miraidon,미라이돈,9,전설,패러독스포켓몬,FALSE,FALSE,FALSE,FALSE,FALSE,FALSE,FALSE,2,전기,드래곤,3.5,240,1,하드론엔진,,,670,100,85,100,135,115,135,1,1,알미발견,,사족형,보라,
1009,walking-wake,굽이치는물결,9,일반,패러독스포켓몬,FALSE,FALSE,FALSE,FALSE,FALSE,FALSE,FALSE,2,물,드래곤,3.5,280,1,고대활성,,,590,99,83,91,125,83,109,1,1,알미발견,,이족꼬리형,파랑,
1010,iron-leaves,무쇠잎새,9,일반,패러독스포켓몬,FALSE,FALSE,FALSE,FALSE,FALSE,FALSE,FALSE,2,풀,에스퍼,1.5,125,1,쿼크차지,,,590,90,130,88,70,108,104,1,1,알미발견,,사족형,초록,
1011,dipplin,과미르,9,일반,사과사탕포켓몬,FALSE,FALSE,FALSE,FALSE,FALSE,FALSE,FALSE,2,풀,드래곤,0.4,9.7,3,감미로운꿀,먹보,점착,485,80,80,110,95,80,40,1,2,식물,드래곤,군집형,초록,
1012,poltchageist,차데스,9,일반,말차포켓몬,FALSE,FALSE,FALSE,FALSE,FALSE,FALSE,TRUE,2,풀,고스트,0.1,1.1,2,대접,,내열,308,40,45,45,74,54,50,1,2,광물,부정형,머리형,초록,
1013,sinistcha,그우린차,9,일반,말차포켓몬,FALSE,FALSE,FALSE,FALSE,FALSE,FALSE,TRUE,2,풀,고스트,0.2,2.2,2,대접,,내열,508,71,60,106,121,80,70,1,2,광물,부정형,머리형,초록,
1014,okidogi,조타구,9,준전설,수하포켓몬,FALSE,FALSE,FALSE,FALSE,FALSE,FALSE,FALSE,2,독,격투,1.8,92.2,2,독사슬,,파수견,555,88,128,115,58,86,80,1,1,알미발견,,이족꼬리형,검정,
1015,munkidori,이야후,9,준전설,수하포켓몬,FALSE,FALSE,FALSE,FALSE,FALSE,FALSE,FALSE,2,독,에스퍼,1,12.2,2,독사슬,,통찰,555,88,75,66,130,90,106,1,1,알미발견,,인간형,검정,
1016,fezandipiti,기로치,9,준전설,수하포켓몬,FALSE,FALSE,FALSE,FALSE,FALSE,FALSE,FALSE,2,독,페어리,1.4,30.1,2,독사슬,,테크니션,555,88,91,82,70,125,99,1,1,알미발견,,단익형,검정,
1017,ogerpon,오거폰,9,준전설,가면포켓몬,FALSE,FALSE,FALSE,FALSE,FALSE,FALSE,TRUE,1,풀,,1.2,39.8,1,오기,,,550,80,120,84,60,96,110,1,1,알미발견,,인간형,초록,
1017,ogerpon-wellspring,오거폰(우물의가면),9,준전설,가면포켓몬,FALSE,FALSE,FALSE,FALSE,FALSE,FALSE,TRUE,2,풀,물,1.2,39.8,1,저수,,,550,80,120,84,60,96,110,1,1,알미발견,,인간형,파랑,
1017,ogerpon-hearthflame,오거폰(화덕의가면),9,준전설,가면포켓몬,FALSE,FALSE,FALSE,FALSE,FALSE,FALSE,TRUE,2,풀,불꽃,1.2,39.8,1,틀깨기,,,550,80,120,84,60,96,110,1,1,알미발견,,인간형,빨강,
1017,ogerpon-cornerstone,오거폰(주춧돌의가면),9,준전설,가면포켓몬,FALSE,FALSE,FALSE,FALSE,FALSE,FALSE,TRUE,2,풀,바위,1.2,39.8,1,옹골참,,,550,80,120,84,60,96,110,1,1,알미발견,,인간형,회색,
1018,archaludon,브리두라스,9,일반,합금포켓몬,FALSE,FALSE,FALSE,FALSE,FALSE,FALSE,FALSE,2,강철,드래곤,2,60,3,지구력,옹골참,굳건한신념,600,90,105,130,125,65,85,2,2,광물,드래곤,이족꼬리형,하양,
1019,hydrapple,과미드라,9,일반,사과이무기포켓몬,FALSE,FALSE,FALSE,FALSE,FALSE,FALSE,FALSE,2,풀,드래곤,1.8,93,3,감미로운꿀,재생력,점착,540,106,80,110,120,80,44,5,2,식물,드래곤,군집형,초록,
1020,gouging-fire,꿰뚫는화염,9,일반,패러독스포켓몬,FALSE,FALSE,FALSE,FALSE,FALSE,FALSE,FALSE,2,불꽃,드래곤,3.5,590,1,고대활성,,,590,105,115,121,65,93,91,1,1,알미발견,,사족형,갈색,
1021,raging-bolt,날뛰는우레,9,일반,패러독스포켓몬,FALSE,FALSE,FALSE,FALSE,FALSE,FALSE,FALSE,2,전기,드래곤,5.2,480,1,고대활성,,,590,125,73,91,137,89,75,1,1,알미발견,,사족형,노랑,
1022,iron-boulder,무쇠암석,9,일반,패러독스포켓몬,FALSE,FALSE,FALSE,FALSE,FALSE,FALSE,FALSE,2,바위,에스퍼,1.5,162.5,1,쿼크차지,,,590,90,120,80,68,108,124,1,1,알미발견,,사족형,회색,
1023,iron-crown,무쇠감투,9,일반,패러독스포켓몬,FALSE,FALSE,FALSE,FALSE,FALSE,FALSE,FALSE,2,강철,에스퍼,1.6,156,1,쿼크차지,,,590,90,72,100,122,108,98,1,1,알미발견,,사족형,파랑,
1024,terapagos,테라파고스,9,전설,테라스탈포켓몬,FALSE,FALSE,FALSE,FALSE,FALSE,FALSE,TRUE,1,노말,,0.2,6.5,1,테라체인지,,,450,90,65,85,65,85,60,1,1,알미발견,,사족형,파랑,
1024,terapagos-terastal,테라파고스(테라스탈폼),9,전설,테라스탈포켓몬,FALSE,FALSE,FALSE,FALSE,FALSE,FALSE,TRUE,1,노말,,0.3,16,1,테라셸,,,600,95,95,110,105,110,85,1,1,알미발견,,머리형,파랑,
1024,terapagos-stellar,테라파고스(스텔라폼),9,전설,테라스탈포켓몬,FALSE,FALSE,FALSE,FALSE,FALSE,FALSE,TRUE,1,노말,,1.7,77,1,제로포밍,,,700,160,105,110,130,110,85,1,1,알미발견,,머리형,파랑,
,,,,,,,,,,,,,,,,,,,,,,,,,,,,,,,,,,,

1025,pecharunt,복숭악동,9,환상,지배포켓몬,FALSE,FALSE,FALSE,FALSE,FALSE,FALSE,FALSE,2,독,고스트,0.3,0.3,1,독조종,,,600,88,88,160,88,88,88,1,1,알미발견,,머리형,보라,
